date,sentiment_score,sentiment_positive,sentiment_negative,sentiment_neutral,news_count
2024-12-26,0.0595847722401635,0.2313864281556258,0.1718016559154623,0.5968119186064642,72.0
2024-12-27,-0.0135763719220433,0.2329279891983197,0.246504361120363,0.5205676445181955,57.0
2024-12-28,0.1049874959410064,0.2341179927914506,0.1291304968504442,0.6367515090646015,36.0
2024-12-29,-0.0178416341336237,0.2012910154234204,0.2191326495570441,0.5795763400900695,18.0
2024-12-30,0.0895614299815202,0.3075953067374834,0.2180338767559632,0.474370809379911,69.0
2024-12-31,0.0422193501493893,0.233120498585049,0.1909011484356597,0.575978351838421,80.0
2025-01-01,0.1007554863386277,0.2692905665498297,0.1685350802112019,0.5621743522725016,53.0
2025-01-02,0.1939556789067056,0.2757473255611128,0.0817916466544071,0.6424610323376125,45.0
2025-01-03,0.0657816553262598,0.1995785615660927,0.1337969062398329,0.666624536907131,33.0
2025-01-04,0.1106005408801138,0.2593232481740415,0.1487227072939276,0.591954064289374,28.0
2025-01-05,0.229881507034103,0.3301327947992831,0.10025128776518,0.5696159101401767,24.0
2025-01-06,0.1904716322477907,0.276914014276117,0.0864423820283264,0.636643598806113,100.0
2025-01-07,0.1123695245663088,0.3210010819787544,0.2086315574124455,0.4703673552426081,63.0
2025-01-08,-0.0765365426777862,0.1714034148026257,0.2479399574804119,0.5806566314771772,80.0
2025-01-09,-0.0283107572626092,0.2405721318827551,0.2688828891453643,0.4905449846460495,81.0
2025-01-10,-0.1533284577437573,0.1519035376769341,0.3052319954206914,0.5428644758821638,81.0
2025-01-11,-0.0265604343668029,0.1907653162205541,0.217325750587357,0.591908929567482,37.0
2025-01-12,0.0484244838356971,0.1958554373433192,0.1474309535076221,0.6567136193315188,15.0
2025-01-13,-0.0334171736612916,0.1784998361359943,0.2119170097972859,0.6095831552689726,55.0
2025-01-14,0.0523649056589132,0.2443668322368083,0.192001926577895,0.5636312429989246,76.0
2025-01-15,0.1496595053100272,0.2929474954052191,0.1432879900951918,0.5637645184046083,57.0
2025-01-16,0.2817170656760971,0.3734517890558231,0.0917347233797259,0.534813491956276,51.0
2025-01-17,0.131534201366206,0.2712562207380931,0.139722019371887,0.5890217629323403,75.0
2025-01-18,0.0122336278468169,0.2148169048784955,0.2025832770316786,0.5825998034026172,37.0
2025-01-19,0.2356529647617467,0.3630178954585322,0.1273649306967854,0.5096171631344727,28.0
2025-01-20,0.2618349984040833,0.361259301105747,0.0994243027016636,0.5393163949411246,128.0
2025-01-21,0.0664962212089449,0.224154328679045,0.1576581074701001,0.6181875604515275,120.0
2025-01-22,0.1720992535135823,0.2586859940959472,0.0865867405823648,0.654727265391856,73.0
2025-01-23,0.106788487954495,0.2271334369308673,0.1203449489763723,0.6525216155613844,65.0
2025-01-24,0.0352973896164999,0.232446918738316,0.1971495291218161,0.5704035529935801,54.0
2025-01-25,0.1895294304316242,0.265227796923783,0.0756983664921588,0.6590738455178561,27.0
2025-01-26,0.109390382458897,0.1846932725686776,0.0753028901097805,0.7400038359980834,19.0
2025-01-27,-0.085305288232242,0.1255124301028748,0.2108177183351169,0.6636698494354883,60.0
2025-01-28,0.0338126529278534,0.2006443535848971,0.1668317006570437,0.6325239487473042,62.0
2025-01-29,0.1163528615579707,0.2141834542562719,0.0978305926983011,0.6879859570472036,64.0
2025-01-30,0.2541568517037553,0.3471762096032318,0.0930193578994764,0.5598044341838941,82.0
2025-01-31,0.1892045259287226,0.303831308769683,0.1146267828409604,0.5815419094592688,84.0
2025-02-01,0.133938955841586,0.2017113375900821,0.0677723817484961,0.7305162850428711,22.0
2025-02-02,0.0110362857661169,0.1414937289310214,0.1304574431649044,0.7280488228425384,46.0
2025-02-03,-0.0751822583174899,0.185210875555387,0.260393133872877,0.5543959901546655,115.0
2025-02-04,0.0340683984546627,0.2126204723704464,0.1785520739157837,0.6088274550400202,79.0
2025-02-05,0.0652908244537133,0.2724975031292574,0.207206678675544,0.5202958096439639,66.0
2025-02-06,0.0600892861711454,0.2416844575225815,0.181595171351436,0.5767203722108196,91.0
2025-02-07,0.007863564380946,0.1518202873233419,0.1439567229423958,0.7042229911312461,52.0
2025-02-08,0.0497082936006688,0.1918129131738697,0.1421046195732009,0.6660824640383644,31.0
2025-02-09,0.0908980945241637,0.2360821184993256,0.1451840239751618,0.6187338528688997,32.0
2025-02-10,-0.0584985929328882,0.1762985387620957,0.234797131694984,0.5889043331865156,57.0
2025-02-11,0.0650182548465568,0.2319706977525753,0.1669524429060185,0.6010768573119569,67.0
2025-02-12,0.0104304753682192,0.1811574680511565,0.1707269926829373,0.6481155412107268,68.0
2025-02-13,0.1195338475517928,0.2446527587515967,0.1251189111998038,0.6302283334792876,49.0
2025-02-14,0.1376748990420419,0.2852578739732949,0.1475829749312529,0.5671591547720912,67.0
2025-02-15,0.1557084050130199,0.3052690519473037,0.1495606469342837,0.5451703091730943,37.0
2025-02-16,-0.0156330260663078,0.1820994686836806,0.1977324947499885,0.6201680381424152,26.0
2025-02-17,0.1462482316207818,0.2373123993271623,0.0910641677063805,0.6716234370092438,88.0
2025-02-18,0.0252873434431173,0.2085073816971006,0.1832200382539833,0.608272583858872,44.0
2025-02-19,0.0642418906610045,0.2952481367211375,0.2310062460601329,0.4737456147455506,45.0
2025-02-20,0.0037921652054557,0.1719017003197223,0.1681095351142665,0.6599887618078635,52.0
2025-02-21,0.0788964679108021,0.2579353603118278,0.1790388924010256,0.563025739202474,47.0
2025-02-22,0.0178763874961684,0.1072316791784639,0.0893552916822955,0.8034130185454463,48.0
2025-02-23,0.1109721000355325,0.185235045654209,0.0742629456186765,0.740502003188196,19.0
2025-02-24,0.1171507839872329,0.3263016631826758,0.2091508791954429,0.4645474603468621,27.0
2025-02-25,-0.2329910391542528,0.1470208085697739,0.3800118477240267,0.4729673445162152,119.0
2025-02-26,-0.2086793060007039,0.1263938884270222,0.3350731944277261,0.5385329211130738,96.0
2025-02-27,-0.1221474860304672,0.1725906005349794,0.2947380865654467,0.5326713096767076,76.0
2025-02-28,-0.210532355487834,0.1394955085016021,0.3500278639894362,0.5104766241405333,107.0
2025-03-01,-0.1134083678750971,0.1704126300918328,0.2838209979669299,0.545766371215672,43.0
2025-03-02,0.1508973940413017,0.2455864536621775,0.0946890596208758,0.6597244901521528,61.0
2025-03-03,0.1583036613202205,0.2736886973320334,0.1153850360118128,0.6109262707263783,135.0
2025-03-04,-0.0484825176186859,0.1800197349977679,0.2285022526164539,0.5914780079270713,80.0
2025-03-05,0.0268293200186579,0.2187058657307077,0.1918765457120497,0.589417596775535,74.0
2025-03-06,0.1530671884667956,0.2543949290799598,0.1013277406131641,0.6442773325575722,72.0
2025-03-07,0.0561845144694483,0.1837764211349039,0.1275919066654555,0.6886316719871239,149.0
2025-03-08,0.0133964172889326,0.184071337176097,0.1706749198871643,0.6452537373921206,43.0
2025-03-09,-0.1314089212100953,0.1425015835768797,0.273910504786975,0.5835879148746078,44.0
2025-03-10,-0.1252042926227053,0.1673171318074067,0.292521424430112,0.5401614466309548,75.0
2025-03-11,-0.070572695059299,0.1858639361500438,0.2564366312093428,0.5576994268827744,74.0
2025-03-12,0.0714487206320502,0.2348390749030852,0.163390354271035,0.6017705616364374,79.0
2025-03-13,-0.0018191317339306,0.1994500968240849,0.2012692285580155,0.5992806663979655,46.0
2025-03-14,0.0358900507965769,0.1922586675231846,0.1563686167266076,0.6513727219381298,52.0
2025-03-15,0.0150759533845952,0.1871480698032038,0.1720721164186086,0.6407798195523875,35.0
2025-03-16,-0.0228193259099498,0.120468216172109,0.1432875420820588,0.7362442398443818,24.0
2025-03-17,-0.1209185188513641,0.1676142675508009,0.2885327864021651,0.5438529517452576,76.0
2025-03-18,0.0338413629360729,0.2173354578117141,0.1834940948756411,0.5991704447078519,64.0
2025-03-19,0.2189886946477653,0.3591431028702679,0.1401544082225026,0.5007024965084651,68.0
2025-03-20,0.1496226512253857,0.3028163017705083,0.1531936505451225,0.5439900402552806,65.0
2025-03-21,0.0784939521596439,0.2724130096140544,0.1939190574544104,0.5336679224226926,74.0
2025-03-22,0.057246458320383,0.2097533187888404,0.1525068604684573,0.6377398132326755,47.0
2025-03-23,0.0526241726406356,0.2317590588594184,0.1791348862187827,0.5891060400754213,17.0
2025-03-24,0.3022823385583857,0.3533429362811148,0.051060597722729,0.5955964700939754,60.0
2025-03-25,0.2296116109006107,0.3215652510327728,0.0919536401321621,0.5864811113398326,95.0
2025-03-26,0.1304857165319845,0.2973768636700697,0.1668911471380852,0.5357319911941886,80.0
2025-03-27,0.054638239585596,0.2376491575822478,0.1830109179966518,0.5793399197644875,61.0
2025-03-28,-0.0727803809951021,0.191809409680738,0.2645897906758401,0.5436007920142314,73.0
2025-03-29,-0.1345560215836898,0.1575827386907556,0.2921387602744454,0.5502784957431934,22.0
2025-03-30,-0.2301293555647134,0.1748704469895788,0.4049998025542923,0.4201297598137032,21.0
2025-03-31,-0.0317507651416235,0.1619271824747556,0.1936779476163792,0.6443948723463109,64.0
2025-04-01,0.0506836477003685,0.1747358053897137,0.1240521576893452,0.7012120379670842,73.0
2025-04-02,0.1485821697485423,0.290827254374181,0.1422450846256387,0.5669276614132668,62.0
2025-04-03,-0.0914589561086715,0.1960806152479642,0.2875395713566357,0.5163798063345577,92.0
2025-04-04,-0.091316843078586,0.2309573935181425,0.3222742365967286,0.446768376093946,57.0
2025-04-05,0.1259351988776108,0.2423534433080537,0.1164182444304429,0.6412283086998237,37.0
2025-04-06,-0.010044696854382,0.2113745273431626,0.2214192241975447,0.5672062489590267,41.0
2025-04-07,-0.1889318396991237,0.1527913726192522,0.341723212318376,0.5054854145768951,94.0
2025-04-08,-0.1377164172736229,0.1920444774004863,0.3297608946741093,0.4781946252333,64.0
2025-04-09,-0.0409371772759848,0.1937018713532862,0.234639048629271,0.5716590745035898,88.0
2025-04-10,0.0741888796775669,0.2561791876762889,0.181990307998722,0.5618305050268553,69.0
2025-04-11,0.0546900077468969,0.2425613044676455,0.1878712967207486,0.5695673985576087,55.0
2025-04-12,0.1299622669706449,0.3208402867483742,0.1908780197777292,0.4882816953365417,51.0
2025-04-13,0.0680526742339134,0.2226142296567559,0.1545615554228425,0.6228242158144712,25.0
2025-04-14,0.0764579882088583,0.2476976089528761,0.1712396207440178,0.5810627751634456,32.0
2025-04-15,0.2638344617453633,0.3564014015566619,0.0925669398112986,0.5510316700903607,61.0
2025-04-16,0.018424403861607,0.2664322730595783,0.2480078691979712,0.4855598637486918,59.0
2025-04-17,-0.0095329912860066,0.2075221412815153,0.217055132567522,0.5754227269320719,62.0
2025-04-18,0.1763592194100575,0.3145606069093836,0.138201387499326,0.5472380088176578,56.0
2025-04-19,0.1916002845391631,0.2155031925615142,0.0239029080223511,0.7605938858845654,17.0
2025-04-20,0.0032726942639177,0.1837173840031027,0.180444689739185,0.6358379426722726,24.0
2025-04-21,0.2219810794383563,0.2973325773383732,0.0753514979000168,0.6273159220883692,54.0
2025-04-22,0.2425143560671824,0.3547839644431536,0.1122696083759711,0.5329464194364846,84.0
2025-04-23,0.2254689354200049,0.3778569226186456,0.1523879871986407,0.4697550928685814,56.0
2025-04-24,0.2174128078669309,0.3602825186215341,0.1428697107546031,0.4968477684631944,50.0
2025-04-25,0.2964183850012518,0.4079035591409617,0.1114851741397098,0.4806112672982586,74.0
2025-04-26,0.2011285780980769,0.2957260262272838,0.0945974481292069,0.6096765257211195,36.0
2025-04-27,0.2808860605092425,0.3473554671202835,0.066469406611041,0.5861751232296228,19.0
2025-04-28,0.1029759433083966,0.2545168239111994,0.1515408806028027,0.593942291066781,51.0
2025-04-29,0.2284810596870051,0.3235816877217047,0.0951006280346995,0.5813176861653725,63.0
2025-04-30,0.1263539500297138,0.2716066573070837,0.1452527072773698,0.5831406418891514,51.0
2025-05-01,0.187152636598166,0.2691621143292163,0.0820094777310503,0.6488284079856436,71.0
2025-05-02,0.2226760692273577,0.3122800153245528,0.0896039460971951,0.5981160311649243,75.0
2025-05-03,0.0800528284162283,0.1871659569442272,0.1071131285279989,0.7057209021665833,22.0
2025-05-04,0.2072060394659638,0.3189628580212593,0.1117568185552954,0.5692803271114826,25.0
2025-05-05,-0.045139577209514,0.2337654416219561,0.2789050188314702,0.4873295395647163,77.0
2025-05-06,0.0854641731581365,0.260917699401628,0.1754535262434914,0.5636287728438572,49.0
2025-05-07,0.2624123905076306,0.348422094089487,0.0860097035818563,0.5655681959311054,88.0
2025-05-08,0.1864020370807246,0.3215437095564932,0.1351416724757686,0.5433146181374283,118.0
2025-05-09,0.3657482404691669,0.4469548894583687,0.0812066489892019,0.471838465062799,91.0
2025-05-10,0.2775477846929182,0.3714014055828253,0.093853620889907,0.5347449642916521,48.0
2025-05-11,0.19128139336791,0.2552133992201451,0.063932005852235,0.6808545889727997,33.0
2025-05-12,0.1899177089838658,0.2928201100962647,0.1029024011123988,0.6042774850976164,59.0
2025-05-13,0.1365891615723204,0.2644278847831575,0.127838723210837,0.6077333876780946,68.0
2025-05-14,0.1708403146544168,0.2819588303912517,0.1111185157368349,0.6069226596764353,43.0
2025-05-15,0.1533078565348491,0.3375104908589963,0.1842026343241471,0.4782868726868872,54.0
2025-05-16,0.1890935195304119,0.2984650683408575,0.1093715488104455,0.5921633822648827,67.0
2025-05-17,0.1813122306205332,0.3816367304325104,0.2003244998119771,0.418038775101304,25.0
2025-05-18,0.0244327022561005,0.1590374029197153,0.1346047006636148,0.706357885506891,21.0
2025-05-19,0.1349168418742278,0.2686264272779226,0.1337095854036948,0.59766398877015,68.0
2025-05-20,0.3069293567511652,0.3561613919169065,0.0492320351657413,0.5946065765982937,84.0
2025-05-21,0.3535557893005067,0.4361244021815115,0.0825686128810048,0.481306981029255,112.0
2025-05-22,0.2798376362421549,0.3433042813790962,0.0634666451369412,0.5932290663709864,160.0
2025-05-23,0.145594584957226,0.2926824185997247,0.1470878336424987,0.5602297409024742,97.0
2025-05-24,-0.1013488168033158,0.1357616452363933,0.2371104620397091,0.6271278907703918,41.0
2025-05-25,-0.1001205815670964,0.1692499825014518,0.2693705640685482,0.5613794552448851,39.0
2025-05-26,0.1257739978257653,0.2483694429487683,0.1225954451230029,0.6290351149387831,43.0
2025-05-27,0.1000348984386649,0.2457619147518506,0.1457270163131857,0.6085110655525229,91.0
2025-05-28,0.0987803573961128,0.2521625711791009,0.153382213782988,0.5944552168224033,143.0
2025-05-29,0.1644790736580323,0.2915236221460422,0.1270445484880099,0.5814318305047432,101.0
2025-05-30,-0.0282612258368837,0.2004679741470941,0.2287291999839778,0.5708028275874399,84.0
2025-05-31,-0.0262356846956763,0.1972169934249505,0.2234526781206269,0.57933033398557,41.0
2025-06-01,0.0755749082658439,0.1927703500725329,0.1171954418066889,0.6900342111941427,40.0
2025-06-02,0.0574324214830994,0.2179293491076245,0.160496927624525,0.6215737223148693,86.0
2025-06-03,0.1624006963020927,0.2781542074151857,0.115753511113093,0.6060922799502001,86.0
2025-06-04,0.1753547145783093,0.3071755289313305,0.1318208143530211,0.5610036554869758,83.0
2025-06-05,0.0242779411394925,0.2207975907076615,0.196519649568169,0.5826827649240537,96.0
2025-06-06,0.0126705866447356,0.2345580448052042,0.2218874581604685,0.5435544912741609,73.0
2025-06-07,0.0462324684803289,0.1774604750204492,0.1312280065401203,0.6913115208629858,44.0
2025-06-08,0.2433006409685024,0.3329622292528963,0.0896615882843939,0.5773761875720488,36.0
2025-06-09,0.2526334085767822,0.3766276992422032,0.123994290665421,0.4993780083325389,77.0
2025-06-10,0.1468889112398028,0.288508891115586,0.1416199798757831,0.5698711331933737,75.0
2025-06-11,0.1280879494652413,0.3057916994419014,0.17770374997666,0.5165045524440837,57.0
2025-06-12,0.1280879494652413,0.3057916994419014,0.17770374997666,0.5165045524440837,57.0
2025-06-13,0.1280879494652413,0.3057916994419014,0.17770374997666,0.5165045524440837,57.0
2025-06-14,0.1280879494652413,0.3057916994419014,0.17770374997666,0.5165045524440837,57.0
2025-06-15,0.1280879494652413,0.3057916994419014,0.17770374997666,0.5165045524440837,57.0
2025-06-16,0.1280879494652413,0.3057916994419014,0.17770374997666,0.5165045524440837,57.0
2025-06-17,0.1280879494652413,0.3057916994419014,0.17770374997666,0.5165045524440837,57.0
2025-06-18,0.1280879494652413,0.3057916994419014,0.17770374997666,0.5165045524440837,57.0
2025-06-19,0.1280879494652413,0.3057916994419014,0.17770374997666,0.5165045524440837,57.0
2025-06-20,0.1280879494652413,0.3057916994419014,0.17770374997666,0.5165045524440837,57.0
2025-06-21,0.1280879494652413,0.3057916994419014,0.17770374997666,0.5165045524440837,57.0
2025-06-22,0.1280879494652413,0.3057916994419014,0.17770374997666,0.5165045524440837,57.0
2025-06-23,0.1280879494652413,0.3057916994419014,0.17770374997666,0.5165045524440837,57.0
2025-06-24,0.1280879494652413,0.3057916994419014,0.17770374997666,0.5165045524440837,57.0
2025-06-25,0.1280879494652413,0.3057916994419014,0.17770374997666,0.5165045524440837,57.0
2025-06-26,0.1280879494652413,0.3057916994419014,0.17770374997666,0.5165045524440837,57.0
2025-06-27,0.1280879494652413,0.3057916994419014,0.17770374997666,0.5165045524440837,57.0
2025-06-28,0.1280879494652413,0.3057916994419014,0.17770374997666,0.5165045524440837,57.0
2025-06-29,0.1280879494652413,0.3057916994419014,0.17770374997666,0.5165045524440837,57.0
2025-06-30,0.1280879494652413,0.3057916994419014,0.17770374997666,0.5165045524440837,57.0
2025-07-01,0.1280879494652413,0.3057916994419014,0.17770374997666,0.5165045524440837,57.0
2025-07-02,0.18122478686504,0.2809389343346692,0.0997141474696291,0.6193469145820161,121.0
2025-07-03,0.1876592789776623,0.2804414243563204,0.0927821453786581,0.6267764385084849,74.0
2025-07-04,0.312876249971469,0.4434647387674739,0.1305884887960048,0.4259467794289512,62.0
2025-07-05,0.1641412083990872,0.2155665705601374,0.0514253621610502,0.7330080692966779,48.0
2025-07-06,0.0881657407619059,0.2270444272551685,0.1388786864932626,0.6340768856927752,40.0
2025-07-07,0.1062890109569989,0.2248668252353289,0.1185778142783299,0.6565553589774541,129.0
2025-07-08,0.1640556447340973,0.257548904169228,0.0934932594351306,0.648957831887426,91.0
2025-07-09,0.3188206210747481,0.4126059510594895,0.0937853299847413,0.4936087139311336,62.0
2025-07-10,0.4584695551613414,0.5250873193834666,0.0666177642221252,0.4082949178546299,81.0
2025-07-11,0.2607161868410894,0.342468288982391,0.0817521021413016,0.5757796062808956,197.0
2025-07-12,0.2866166638165351,0.3725137041220742,0.085897040305539,0.5415892718479999,62.0
2025-07-13,0.16848891529177,0.2471199361995483,0.0786310209077782,0.6742490382166579,48.0
2025-07-14,0.2408284294905925,0.3330584634568183,0.0922300339662257,0.574711496785737,197.0
2025-07-15,0.1358617021582059,0.2916650899595791,0.1558033878013732,0.5525315197244767,155.0
2025-07-16,0.138017223186224,0.2712806080387014,0.1332633848524773,0.5954560071391903,92.0
2025-07-17,0.2302534441649913,0.3157037912681699,0.0854503471031785,0.5988458563884099,75.0
2025-07-18,0.2529457380050715,0.3422096595758389,0.0892639215707674,0.5685264180663606,71.0
2025-07-19,0.1548998833604855,0.2836684954818338,0.1287686121213482,0.5875628979410976,32.0
2025-07-20,0.2866314730935675,0.3523157235673245,0.065684250473757,0.5820000309716252,34.0
2025-07-21,0.1603348015314515,0.2850017863161423,0.1246669847846907,0.5903312291730852,85.0
2025-07-22,0.2002603119239211,0.3075999625465449,0.1073396506226238,0.585060383686248,85.0
2025-07-23,0.1032615419632444,0.2951122069731354,0.1918506650098909,0.513037132875373,60.0
2025-07-24,0.0287355263023934,0.2110701682878301,0.1823346419854367,0.6065951806512919,47.0
2025-07-25,0.0916019522212445,0.2411255833009878,0.1495236310797433,0.6093507947027683,75.0
2025-07-26,0.1720223507815689,0.3231193932958625,0.1510970425142934,0.5257835641051783,33.0
2025-07-27,0.0601287875790148,0.2028837719233706,0.1427549843443557,0.6543612411711365,40.0
2025-07-28,0.0995653733210284,0.2245400257856596,0.1249746524646312,0.6504853148532065,79.0
2025-07-29,0.0571597957412802,0.216672611933562,0.1595128161922818,0.623814575314041,62.0
2025-07-30,0.1161135227948024,0.2714202975904619,0.1553067747956595,0.5732729238130756,74.0
2025-07-31,0.2069668908547045,0.3240620102168935,0.117095119362189,0.5588428695037058,66.0
2025-08-01,-0.0112504916695448,0.207799813667169,0.2190503053367138,0.5731498810964135,65.0
2025-08-02,0.1169786575871209,0.2714286703719861,0.1544500127848651,0.5741213155496452,36.0
2025-08-03,-0.0075585906075813,0.1745662718511572,0.1821248624587386,0.6433088707442327,41.0
2025-08-04,0.3240245526567811,0.4091804449313453,0.0851558922745642,0.5056636708655528,42.0
2025-08-05,0.0986948153697588,0.2264671232155028,0.127772307845744,0.6457605846622523,47.0
2025-08-06,0.0404299211828676,0.2235611838046206,0.183131262621753,0.5933075548238951,73.0
2025-08-07,0.162049545081365,0.2723296903760025,0.1102801452946375,0.6173901629487151,57.0
2025-08-08,0.0886008320511251,0.2264856421861095,0.1378848101349844,0.6356295361251071,69.0
2025-08-09,0.1238040035227086,0.2707952428609133,0.1469912393382046,0.5822135281817216,41.0
2025-08-10,0.2254606036876794,0.2726441647391766,0.0471835610514972,0.6801722742966376,32.0
2025-08-11,0.1767511205185973,0.2832100447710781,0.1064589242524807,0.6103310314494939,63.0
2025-08-12,0.0572921319754194,0.2469323292785024,0.1896401973030829,0.5634274808847803,59.0
2025-08-13,0.1590492532920245,0.2862953136815396,0.127246060389515,0.5864586225927693,73.0
2025-08-14,0.1305241147224533,0.2530043138449181,0.1224801991224648,0.6245154894843518,166.0
2025-08-15,0.0275910917558882,0.247621929116252,0.2200308373603637,0.5323472407342184,101.0
2025-08-16,0.0642977316104071,0.2789028877343394,0.2146051561239322,0.5064919562520165,38.0
2025-08-17,0.1197571932803839,0.2553593166172504,0.1356021233368665,0.6090385688003153,40.0
2025-08-18,-0.0864674464206804,0.2279909458858045,0.314458392306485,0.4575506652507818,66.0
2025-08-19,-0.0390961442890605,0.2063614465578487,0.2454575908469092,0.5481809557161548,66.0
2025-08-20,0.0024894036046446,0.2025917929992692,0.2001023893946246,0.5973058103086197,73.0
2025-08-21,-0.0949191032304314,0.2155059626031863,0.3104250658336177,0.4740689709586532,57.0
2025-08-22,0.019565780647099,0.1955262840376235,0.1759605033905245,0.6285132132004947,80.0
2025-08-23,0.1494072804227471,0.3462338404729962,0.1968265600502491,0.4569396066878523,35.0
2025-08-24,0.1115279735456551,0.2543245451224427,0.1427965715767875,0.6028788874466573,31.0
2025-08-25,-0.003745122302978,0.1771517103172939,0.1808968326202719,0.6419514564897966,74.0
2025-08-26,-0.0161945675664088,0.2160784361445728,0.2322730037109816,0.5516485633218989,85.0
2025-08-27,0.0809011467092906,0.2842126803091132,0.2033115335998226,0.5124757928010749,83.0
2025-08-28,0.2631106766251226,0.3648633947759344,0.1017527181508117,0.5333838882741698,57.0
2025-08-29,0.0823802088520356,0.2457011991867884,0.1633209903347527,0.5909778134165597,84.0
2025-08-30,-0.0389834013849235,0.1401246846571826,0.1791080860421061,0.680767232062001,57.0
2025-08-31,0.020741185229836,0.2281018452097972,0.2073606599799611,0.564537500962615,33.0
2025-09-01,0.1520945300942222,0.2552181950063797,0.1031236649121575,0.6416581402500642,58.0
2025-09-02,0.2556572049136527,0.3635337534572251,0.1078765485435724,0.5285897049206224,66.0
2025-09-03,0.2219031817402761,0.342713519860551,0.1208103381202749,0.5364761501550674,53.0
2025-09-04,0.0822010345989838,0.23873872772092,0.1565376931219361,0.6047235746285878,80.0
2025-09-05,0.1265732357409638,0.2970966173493316,0.1705233816083678,0.532380007049987,71.0
2025-09-06,0.0658410750329494,0.1934450757529201,0.1276040007199706,0.678950919416444,29.0
2025-09-07,0.2155828384513204,0.2931344906206835,0.077551652169363,0.6293138723651116,22.0
2025-09-08,0.0530022955088711,0.2625263465212329,0.2095240510123617,0.5279495983439333,68.0
2025-09-09,0.1736606534583213,0.297847591901887,0.1241869384435656,0.5779654653870487,73.0
2025-09-10,0.1578761633375988,0.2988440272964391,0.1409678639588402,0.5601881098403942,51.0
2025-09-11,0.2352219747401596,0.3489127541404395,0.1136907794002798,0.5373964643194562,42.0
2025-09-12,0.1719538511974471,0.306770726067147,0.1348168748696999,0.5584124007661427,70.0
2025-09-13,0.2614107607895958,0.3753699298369987,0.1139591690474029,0.5106708915454561,29.0
2025-09-14,0.197280456777662,0.3073317897082729,0.1100513329306109,0.5826168889179826,22.0
2025-09-15,0.1815396403544582,0.3102992606145562,0.128759620260098,0.5609411236073356,64.0
2025-09-16,0.1783512492771618,0.2968288784703383,0.1184776291931764,0.5846934813218048,52.0
2025-09-17,0.1525078131656708,0.2489405383901863,0.0964327252245154,0.6546267377019956,58.0
2025-09-18,0.1403317566598869,0.2202003157387177,0.0798685590788308,0.6999311142394112,36.0
2025-09-19,0.1290089616657428,0.2707795766445826,0.1417706149788397,0.58744980359696,53.0
2025-09-20,0.0754391108772584,0.261732108731355,0.1862929978540965,0.5519748966608728,35.0
2025-09-21,0.1443258993870889,0.210148190613836,0.0658222912267471,0.7240295074880123,24.0
2025-09-22,0.0053344465694145,0.2035905242946587,0.1982560777252442,0.5981533998917592,95.0
2025-09-23,0.0481250100985985,0.2600762671727228,0.2119512570741241,0.527972478687457,73.0
2025-09-24,0.1722302479540993,0.3606698735584986,0.1884396256043993,0.4508905014633361,58.0
2025-09-25,0.0553787855284386,0.2256807234432352,0.1703019379147965,0.604017350111941,76.0
2025-09-26,0.0438432166282768,0.2510769310437383,0.2072337144154614,0.5416893589120078,93.0
2025-09-27,-0.0553441579472653,0.2146091426969791,0.2699533006442444,0.5154375540738811,49.0
2025-09-28,-0.0854120946875432,0.1412768489340456,0.2266889436215889,0.6320342004935189,41.0
2025-09-29,0.1664024395005846,0.3122451964903761,0.1458427569897914,0.5419120476408689,54.0
2025-09-30,-0.0201130968714017,0.1789385811023322,0.199051677973734,0.6220097454195773,81.0
2025-10-01,0.0804889461578568,0.2400200152769684,0.1595310691191116,0.6004489101469517,64.0
2025-10-02,0.2582488497416791,0.3772509690591847,0.1190021193175056,0.5037469121494463,77.0
2025-10-03,0.2064449732502301,0.2920682050784429,0.0856232318282127,0.6223085723444819,75.0
2025-10-04,0.1490260409602128,0.3139613049433511,0.1649352639831383,0.5211034232531401,34.0
2025-10-05,0.2731632634965797,0.3345154742473515,0.0613522107507717,0.6041323166277449,118.0
2025-10-06,0.2287652348087908,0.3523751622515506,0.1236099274427598,0.5240149080817555,116.0
2025-10-07,0.2651666617964873,0.3911348209917746,0.1259681591952874,0.4828970127462132,74.0
2025-10-08,0.2270534458431474,0.349604794914101,0.1225513490709535,0.5278438506449791,94.0
2025-10-09,0.0879328575034282,0.2358958438921131,0.1479629863886848,0.6161411711848096,95.0
2025-10-10,0.0983043851211984,0.2647131639929052,0.1664087788717068,0.5688780542324356,94.0
2025-10-11,-0.0684339886166803,0.1956110132480229,0.2640450018647032,0.5403439867701652,69.0
2025-10-12,-0.0231376140727661,0.1803106332469421,0.2034482473197082,0.6162411228676016,48.0
2025-10-13,0.1289487115146828,0.2775310934849188,0.148582381970236,0.5738865212130715,71.0
2025-10-14,-0.0271649734752479,0.2046315091984155,0.2317964826736634,0.56357201414235,107.0
2025-10-15,-0.0462799796058485,0.1986666674725711,0.2449466470784197,0.5563866822049022,90.0
2025-10-16,0.0279371673823334,0.2456930371350608,0.2177558697527274,0.5365511027863249,80.0
2025-10-17,-0.1093668052158558,0.1883725718182233,0.2977393770340791,0.5138880513877291,97.0
2025-10-18,-0.2041750760511197,0.1394624933798579,0.3436375694309777,0.5168999389527326,47.0
2025-10-19,-0.0787029324398775,0.1658927695326773,0.2445957019725548,0.5895115246863237,56.0
2025-10-20,0.0942170578246451,0.2300051472034968,0.1357880893788517,0.6342067632517995,73.0
2025-10-21,0.0334285819091093,0.2367752739586509,0.2033466920495415,0.5598780443438162,78.0
2025-10-22,0.0566897937154863,0.2662532300804742,0.2095634363649878,0.5241833306849003,80.0
2025-10-23,0.0206055298181516,0.2265810173670096,0.2059754875488579,0.5674434984368938,70.0
2025-10-24,0.1902089501054932,0.3063660705053847,0.1161571203998915,0.5774768102301718,73.0
2025-10-25,0.1498407956172266,0.2717132771225727,0.121872481505346,0.6064142508472762,46.0
2025-10-26,0.073106205945865,0.2325006585232303,0.1593944525773652,0.6081048936934256,61.0
2025-10-27,0.2169488383319656,0.3431590949108855,0.1262102565789198,0.5306306474643653,61.0
2025-10-28,0.1031686359570479,0.2991530445968391,0.1959844086397911,0.5048625550796868,71.0
2025-10-29,-0.0318786249750039,0.2059231525287032,0.2378017775037071,0.5562750704247843,55.0
2025-10-30,-0.0057298629057355,0.249874745647228,0.2556046085529636,0.4945206480360655,86.0
2025-10-31,-0.0281926583570356,0.212533978630717,0.2407266369877526,0.546739386050747,65.0
2025-11-01,-0.0024599405005574,0.2373144517466426,0.2397743922472,0.5229111541062593,50.0
2025-11-02,-0.0966644080415848,0.1657735409455434,0.2624379489871283,0.5717885164964583,31.0
2025-11-03,-0.0931342554977163,0.2175009975908324,0.3106352530885488,0.4718637370388023,64.0
2025-11-04,-0.1978984581970277,0.1551762369257965,0.3530746951228243,0.4917490708631003,87.0
2025-11-05,-0.0609305388572686,0.1855477886796694,0.246478327536938,0.5679738883921337,107.0
2025-11-06,-0.1387761510715524,0.180137043273667,0.3189131943452195,0.5009497693603541,82.0
2025-11-07,-0.0371889765886078,0.2601869037825164,0.2973758803711242,0.4424372190036453,91.0
2025-11-08,-0.0692781053542617,0.1880202410920035,0.2572983464462653,0.5546814041980912,63.0
2025-11-09,0.0255274018669065,0.2336551861916767,0.2081277843247702,0.5582170279973999,47.0
2025-11-10,0.0398589983981634,0.2612010047804298,0.2213420063822663,0.5174569884381656,56.0
2025-11-11,-0.002466558633993,0.2568221157830622,0.2592886744170553,0.4838892056296269,90.0
2025-11-12,-0.1069140325642514,0.1976621448138386,0.30457617737809,0.4977616863230205,98.0
2025-11-13,-0.042650377102406,0.2003718762278137,0.2430222533302198,0.5566058809226248,71.0
2025-11-14,-0.1933420551452142,0.1629567051156895,0.3562987602609037,0.4807445336777119,162.0
2025-11-15,-0.1788625191726094,0.1645360312291554,0.3433985504017648,0.4920654095975416,98.0
2025-11-16,0.0069716421697857,0.1744336850972751,0.1674620429274894,0.6581042702230862,59.0
2025-11-17,-0.1308680625385319,0.1930833887625612,0.3239514513010932,0.4829651651029684,147.0
2025-11-18,-0.1923824750595319,0.1629081338451641,0.3552906089046961,0.4818012533106015,213.0
2025-11-19,-0.0592953711919008,0.2435039124972776,0.3027992836891784,0.4536968015920405,109.0
2025-11-20,-0.0991270503415385,0.1788953095371645,0.2780223598787031,0.5430823300427537,123.0
2025-11-21,-0.2116469799824146,0.1538899678965671,0.3655369478789817,0.480573084880734,171.0
2025-11-22,-0.0819095870678278,0.2060910539649841,0.2880006410328119,0.5059083013588356,108.0
2025-11-23,-0.1440500873196426,0.13247049003396,0.2765205773536027,0.5910089274735323,84.0
2025-11-24,-0.0360350558896445,0.2114957131792806,0.2475307690689251,0.5409735141854201,126.0
2025-11-25,-0.0570123557881409,0.2362899581619769,0.2933023139501178,0.4704077260722534,109.0
2025-11-26,-0.010231753992603,0.2580561131876158,0.2682878671802188,0.4736560138530637,95.0
2025-11-27,0.1911477595878144,0.3436708703792343,0.1525231107914199,0.5038060237032672,60.0
2025-11-28,0.0810900939253681,0.2737043039964103,0.1926142100710421,0.5336814875510044,82.0
2025-11-29,0.0068473605255425,0.2386891078990949,0.2318417473735524,0.5294691343122805,71.0
2025-11-30,0.0654971986450255,0.2042540123313665,0.138756813686341,0.6569891717284918,50.0
2025-12-01,-0.386208180580414,0.1024544483862464,0.4886626289666605,0.4088829148913154,148.0
2025-12-02,-0.0417218748955939,0.2559251242120118,0.2976469991076058,0.446427872438446,137.0
2025-12-03,0.1039063556381734,0.3039134659993578,0.2000071103611844,0.496079424097843,128.0
2025-12-04,0.0293952254783909,0.2514266958391732,0.2220314703607822,0.5265418234938646,68.0
2025-12-05,0.0224033176898956,0.1973036630508991,0.1749003453610035,0.6277959967175355,65.0
2025-12-06,0.0224033176898956,0.1973036630508991,0.1749003453610035,0.6277959967175355,65.0
2025-12-07,0.0321700878751774,0.2219711371387044,0.189801049263527,0.5882278227557739,48.0
2025-12-08,0.1900786820634761,0.3021056779276799,0.1120269958642037,0.5858673274736194,85.0
2025-12-09,0.0943392556818092,0.299431941756869,0.2050926860750598,0.495475371094311,85.0
2025-12-10,0.0760540117596074,0.2577195539350439,0.1816655421754364,0.5606148964773441,97.0
2025-12-11,-0.0940853575715956,0.182014541114094,0.2760998986856897,0.5418855566876354,81.0
2025-12-12,0.0452102797347694,0.2077715014949297,0.1625612217601603,0.6296672811552596,104.0
2025-12-13,-0.0226560160724653,0.170142147069176,0.1927981631416413,0.6370596910309461,45.0
2025-12-14,-0.0438058459124452,0.1385372213868273,0.1823430672992725,0.6791197059021609,37.0
2025-12-15,-0.2113970821374096,0.1478406553156674,0.3592377374530769,0.4929216072545387,80.0
2025-12-16,-0.0924155612356296,0.2356217780454766,0.3280373392811063,0.4363408825904278,101.0
2025-12-17,-0.0514495687883546,0.2288717037299648,0.2803212725183194,0.4908070282378633,112.0
2025-12-18,-0.0217129571352746,0.2429807794608429,0.2646937365961176,0.4923254818105223,88.0
2025-12-19,-0.0835029049111264,0.1854577077375281,0.2689606126486545,0.5455816804564425,84.0
2025-12-20,-0.0373537976391099,0.1791603158003297,0.2165141134394397,0.604325574662151,58.0
2025-12-21,0.0772228687271183,0.1986599784417479,0.1214371097146296,0.6799029065113441,51.0
2025-12-22,0.0945482598044551,0.2314129663058198,0.1368647065013647,0.6317223201004358,65.0
2025-12-23,0.0205258907976024,0.2382559787406764,0.217730087943074,0.5440139305881329,99.0
2025-12-24,-0.1305897810989443,0.1808022519902271,0.3113920330891714,0.5078057160491453,85.0
2025-12-25,-0.0348040163516998,0.2025476226955652,0.237351639047265,0.5601007374748588,50.0
2025-12-26,-0.0221695787056464,0.1974819104557168,0.2196514891613632,0.5828665930216443,73.0
2025-12-27,-0.0749353537457468,0.1839101284175463,0.2588454821632932,0.5572443865037159,46.0
2025-12-28,0.074153614157409,0.218259916713863,0.1441063025564539,0.6376337861350062,51.0
2025-12-29,0.0572290559156009,0.2153344152089304,0.1581053592933294,0.6265602277663465,78.0
2025-12-30,0.036257219609133,0.2177854030241453,0.1815281834150123,0.6006864076155389,86.0
2025-12-31,0.0069609184343463,0.2753675244629192,0.2684066060285728,0.4562258701174496,78.0
2026-01-01,0.0882505232727796,0.2979511096844541,0.2097005864116745,0.4923483065222619,61.0
2026-01-02,0.0704624308394147,0.2898320062932643,0.2193695754538495,0.4907984142977889,77.0
2026-01-03,0.0129622366461578,0.2589988246074189,0.246036587961261,0.4949645638141943,46.0
2026-01-04,0.0229836022688282,0.2291695496481325,0.2061859473793043,0.5646445085604985,45.0
2026-01-05,0.2638238822685533,0.4134000065537651,0.1495761242852117,0.4370238654566615,89.0
2026-01-06,0.1261782391719814,0.3061376780173496,0.1799594388453682,0.5139028808151028,76.0
2026-01-07,0.0510666810167843,0.2473476493055475,0.1962809682887631,0.556371384902912,102.0
2026-01-08,0.0508521372533362,0.2582386212585413,0.207386484005205,0.5343748978676571,69.0
2026-01-09,0.03131536527017,0.2090121639762507,0.1776967987060806,0.6132910390990938,86.0
2026-01-10,0.03131536527017,0.2090121639762507,0.1776967987060806,0.6132910390990938,86.0
2026-01-11,0.03131536527017,0.2090121639762507,0.1776967987060806,0.6132910390990938,86.0
2026-01-12,-0.0157985397197894,0.2111095516868916,0.226908091406681,0.5619823654476357,76.0
2026-01-13,0.0831309252729018,0.2296289429990186,0.1464980177261168,0.6238730418263003,96.0
2026-01-14,0.0610957694824467,0.2617171840009061,0.2006214145184593,0.5376614051415248,94.0
2026-01-15,0.0610957694824467,0.2617171840009061,0.2006214145184593,0.5376614051415248,94.0
2026-01-16,-0.0052135853135647,0.2224576165899634,0.2276712019035282,0.5498711784991125,48.0
2026-01-17,0.036720351928747,0.2666571939756211,0.2299368420468741,0.5034059579974335,38.0
2026-01-18,0.0711598776928756,0.2238962063160927,0.1527363286232171,0.6233674631170605,23.0
2026-01-19,0.0711598776928756,0.2238962063160927,0.1527363286232171,0.6233674631170605,23.0
2026-01-20,0.1327095550950616,0.2673617282112979,0.1346521731162362,0.5979861066798153,46.0
2026-01-21,-0.0794717748702334,0.2017162982533178,0.2811880731235512,0.5170956284908409,88.0
2026-01-22,-0.0549443561087052,0.1647816936671733,0.2197260497758786,0.6154922624925773,75.0
2026-01-23,-0.1185447027424483,0.152197951650513,0.2707426543929614,0.5770594060886651,56.0
2026-01-24,-0.079192032247002,0.1860621169339432,0.2652541491809452,0.5486837374046445,43.0
2026-01-25,-0.0664661138085648,0.1329105433775112,0.199376657186076,0.667712802812457,40.0
2026-01-26,-0.0458814171089351,0.199239081210703,0.2451204983196382,0.5556404231993974,87.0
2026-01-27,0.0549654142565226,0.304914098199723,0.2499486839432003,0.4451372224305357,56.0
2026-01-28,0.0306499595603635,0.2322266589129163,0.2015766993525528,0.5661966426358107,62.0
2026-01-29,-0.1037895558043741,0.2135874991468921,0.3173770549512663,0.4690354419155763,91.0
2026-01-30,-0.1462869147982691,0.195987640141064,0.3422745549393332,0.4617378097736155,92.0
2026-01-31,-0.1820475493999894,0.1471857666273159,0.3292333160273053,0.5235809196877961,99.0
2026-02-01,-0.0454621729440987,0.176883385480883,0.2223455584249817,0.6007710561538354,39.0
2026-02-02,-0.2379035900778852,0.1643101513061834,0.4022137413840687,0.433476100149362,69.0
2026-02-03,-0.1309317914695528,0.2173463901210772,0.34827818159063,0.4343754321851424,76.0
2026-02-04,-0.1705071313058336,0.1777561438828706,0.3482632751887043,0.4739805796494086,75.0
2026-02-05,-0.3750337412136353,0.1276406438238072,0.5026743850374426,0.3696849637305025,88.0
2026-02-06,0.0550605394173322,0.2913445551629837,0.2362840157456514,0.4723714261156757,41.0
2026-02-07,-0.0380092494888231,0.1864432467347277,0.2244524962235508,0.5891042533164311,56.0
2026-02-08,-0.0380092494888231,0.1864432467347277,0.2244524962235508,0.5891042533164311,56.0
2026-02-09,-0.1846968369050459,0.1293209391561421,0.3140177760611881,0.5566612893546169,33.0
2026-02-10,-0.1551612795641025,0.1724914195725605,0.327652699136663,0.4998558835969084,21.0
2026-02-11,-0.1551612795641025,0.1724914195725605,0.327652699136663,0.4998558835969084,21.0
2026-02-12,-0.0849206273830155,0.1911187147630787,0.2760393421460942,0.5328419441584407,41.0
2026-02-13,-0.0506309391736673,0.1687053495164339,0.2193362886901013,0.6119583637919277,48.0
2026-02-14,-0.0808493887421255,0.1624404687763136,0.2432898575184392,0.594269671678251,51.0
2026-02-15,-0.0532758897998266,0.2091119336999125,0.2623878234997391,0.5285002404203017,45.0
2026-02-16,-0.0164342880977884,0.2282481789184005,0.2446824670161889,0.5270693566974091,69.0
2026-02-17,0.0027054989022081,0.2788324003796215,0.2761269014774133,0.4450406958956433,46.0
2026-02-18,0.0027054989022081,0.2788324003796215,0.2761269014774133,0.4450406958956433,46.0
2026-02-19,-0.0166996634124141,0.1777017102086622,0.1944013736210763,0.6278969186823815,76.0
2026-02-20,-0.0166996634124141,0.1777017102086622,0.1944013736210763,0.6278969186823815,76.0
2026-02-21,-0.0166996634124141,0.1777017102086622,0.1944013736210763,0.6278969186823815,76.0
2026-02-22,-0.0166996634124141,0.1777017102086622,0.1944013736210763,0.6278969186823815,76.0
2026-02-23,-0.0166996634124141,0.1777017102086622,0.1944013736210763,0.6278969186823815,76.0
2026-02-24,-0.2134198788171786,0.1240341007465221,0.3374539795637009,0.5385119192088481,61.0
2026-02-25,-0.2134198788171786,0.1240341007465221,0.3374539795637009,0.5385119192088481,61.0
2026-02-26,0.0103300518070858,0.2290397688085513,0.2187097170014655,0.5522505156094989,62.0
2026-02-27,-0.1187264903097367,0.2046972252581207,0.3234237155678575,0.4718790552349853,61.0
2026-02-28,0.0768920176972945,0.0962111850579579,0.0193191673606634,0.8844696680704752,3.0
2026-03-01,-0.0123844124636677,0.1913648329155389,0.2037492453792067,0.6048859165504922,43.0
2026-03-02,-0.0123844124636677,0.1913648329155389,0.2037492453792067,0.6048859165504922,43.0
2026-03-03,-0.0722266408921325,0.2298153677153625,0.3020420086074951,0.4681426159141562,79.0
2026-03-04,-0.0722266408921325,0.2298153677153625,0.3020420086074951,0.4681426159141562,79.0
2026-03-05,0.0739722332946257,0.2716550828772597,0.1976828495826339,0.5306620694464073,64.0
