date,timestamp,open,high,low,close,volume,return,log_return,volatility_7d,ma_7,ma_30,momentum_7d,hl_range,hl_pct
2024-12-26,2024-12-26,99429.61,99963.7,95199.14,95791.6,21192.36727,0.0,0.0,0.0,95791.6,95791.6,0.0,4764.559999999998,0.0497388079956906
2024-12-27,2024-12-27,95791.6,97544.58,93500.01,94299.03,26501.26429,-0.0155814288517991,-0.015704095193978,0.0,95045.315,95045.315,0.0,4044.570000000007,0.0428908971810209
2024-12-28,2024-12-28,94299.03,95733.99,94135.66,95300.0,8385.8929,0.0106148493786204,0.0105589073939037,0.0185235659785792,95130.21,95130.21,0.0,1598.3300000000015,0.0167715634837355
2024-12-29,2024-12-29,95300.0,95340.0,93009.52,93738.2,13576.00578,-0.0163882476390346,-0.0165240203981765,0.0153626343130873,94782.2075,94782.2075,0.0,2330.479999999996,0.0248615825778604
2024-12-30,2024-12-30,93738.19,95024.5,91530.45,92792.05,27619.4225,-0.010093537106537,-0.0101448222429947,0.0126314449079146,94384.176,94384.176,0.0,3494.050000000003,0.0376546266625212
2024-12-31,2024-12-31,92792.05,96250.0,92033.73,93576.0,19612.03389,0.0084484608325821,0.0084129723294208,0.0131480747989858,94249.48,94249.48,0.0,4216.270000000004,0.0450571727793451
2025-01-01,2025-01-01,93576.0,95151.15,92888.0,94591.79,10373.32613,0.0108552406599982,0.0107967454739184,0.0133457162103145,94298.38142857145,94298.38142857145,0.0,2263.149999999994,0.0239254379264838
2025-01-02,2025-01-02,94591.78,97839.5,94392.0,96984.79,21970.48948,0.0252981786262846,0.0249834762622952,0.0159708289319243,94468.83714285714,94634.1825,1193.1899999999878,3447.5,0.0355468109999516
2025-01-03,2025-01-03,96984.79,98976.91,96100.01,98174.18,15253.82936,0.0122636755722211,0.0121890859126901,0.0142747492938107,95022.43,95027.51555555555,3875.149999999994,2876.9000000000087,0.0293040390049604
2025-01-04,2025-01-04,98174.17,98778.43,97514.79,98220.5,8990.05651,0.0004718144831972,0.0004717032137415,0.0142260060471196,95439.64428571428,95346.814,2920.5,1263.6399999999994,0.0128653387022057
2025-01-05,2025-01-05,98220.51,98836.85,97276.79,98363.61,8095.63723,0.0014570278098766,0.0014559673747879,0.0111430734471738,96100.41714285714,95621.06818181818,4625.410000000004,1560.0600000000122,0.0158601336408862
2025-01-06,2025-01-06,98363.61,102480.0,97920.0,102235.6,25263.43375,0.0393640493674438,0.0386090351235702,0.0138746899651138,97449.49571428572,96172.27916666667,9443.550000000005,4560.0,0.0446028584954751
2025-01-07,2025-01-07,102235.6,102724.38,96181.81,96954.61,32059.87537,-0.0516550986153552,-0.0530370228675763,0.0286399281137494,97932.15428571428,96232.45846153844,3378.6100000000006,6542.570000000007,0.0674807520756363
2025-01-08,2025-01-08,96954.6,97268.65,92500.9,95060.61,33704.67894,-0.0195349143274362,-0.019728242676769,0.0299547965066853,97999.12857142856,96148.755,468.820000000007,4767.75,0.050154843315228
2025-01-09,2025-01-09,95060.61,95382.32,91203.67,92552.49,34544.83685,-0.0263844298916238,-0.0267387451314608,0.029358348317153,97365.94285714289,95909.004,-4432.299999999988,4178.650000000009,0.0451489743819967
2025-01-10,2025-01-10,92552.49,95836.0,92206.02,94726.11,31482.86424,0.0234852676573045,0.0232137319338375,0.03081064574717,96873.36142857144,95835.073125,-3448.0699999999924,3629.979999999996,0.0383207966631375
2025-01-11,2025-01-11,94726.1,95050.94,93831.73,94599.99,7047.9043,-0.0013314174940783,-0.001332304617859,0.0307678510409844,96356.14571428573,95762.42117647058,-3620.5099999999934,1219.2100000000064,0.0128880563306614
2025-01-12,2025-01-12,94599.99,95450.1,93711.19,94545.06,8606.86622,-0.0005806554525006,-0.0005808240981644,0.0307067889877035,95810.63857142856,95694.79,-3818.550000000003,1738.9100000000035,0.0183923940605675
2025-01-13,2025-01-13,94545.07,95940.0,89256.69,94536.1,42619.56423,-9.476962625010188e-05,-9.47741171748694e-05,0.0240570423227332,94710.71,95633.80631578948,-7699.5,6683.309999999998,0.0706958505798313
2025-01-14,2025-01-14,94536.11,97371.0,94346.22,96560.86,27846.61753,0.0214178499007255,0.021191710994825,0.0186585385298966,94654.46,95680.159,-393.75,3024.779999999999,0.0313251145443402
2025-01-15,2025-01-15,96560.85,100681.94,96500.0,100497.35,30509.99179,0.0407669318603831,0.0399578758632127,0.0219916186253081,95431.13714285716,95909.54904761905,5436.740000000005,4181.940000000002,0.0416124405270387
2025-01-16,2025-01-16,100497.35,100866.66,97335.13,99987.3,27832.85317,-0.0050752582033257,-0.0050881810693719,0.0174059701877149,96493.25285714286,96094.90136363637,7434.809999999998,3531.529999999999,0.0353197856127728
2025-01-17,2025-01-17,99987.3,105865.22,99950.77,104077.48,39171.85292,0.0409069951883889,0.0400924438437183,0.0204331817471564,97829.16285714286,96441.97,9351.369999999995,5914.449999999997,0.0568273751439792
2025-01-18,2025-01-18,104077.47,104988.88,102277.55,104556.23,24307.82998,0.0045999384304846,0.004589391046213,0.0198189529935762,99251.48285714284,96780.06416666666,9956.23999999999,2711.3300000000017,0.0259317880914413
2025-01-19,2025-01-19,104556.23,106422.43,99651.6,101331.57,43397.28298,-0.0308413951038593,-0.0313270015419219,0.0260069170489109,100220.9842857143,96962.1244,6786.510000000009,6770.829999999987,0.0668185640467229
2025-01-20,2025-01-20,101331.57,109588.0,99550.0,102260.01,89529.231732,0.0091623962798561,0.0091206761708775,0.0256263836676929,101324.4,97165.88923076924,7723.909999999989,10038.0,0.0981615393935518
2025-01-21,2025-01-21,102260.0,107240.81,100119.04,106143.82,45941.02002,0.0379797537668928,0.037276279511942,0.027391688441933,102693.39428571428,97498.40518518518,9582.960000000006,7121.770000000004,0.0670954748001344
2025-01-22,2025-01-22,106143.82,106394.46,103339.12,103706.66,22248.69254,-0.022960922265658,-0.0232286300582351,0.0275746745520994,103151.86714285714,97720.12857142858,3209.3099999999977,3055.340000000011,0.0294613672834513
2025-01-23,2025-01-23,103706.66,106850.0,101262.28,103910.34,53953.12031,0.0019640011547956,0.0019620750260613,0.0272802570427357,103712.30142857145,97933.58413793104,3923.0399999999936,5587.720000000001,0.0537744366922483
2025-01-24,2025-01-24,103910.35,107120.0,102750.0,104870.5,23609.24017,0.0092402738745731,0.009197843721146,0.0227422565697064,103825.59,98164.81466666666,793.0200000000041,4370.0,0.0416704411631488
2025-01-25,2025-01-25,104870.51,105286.52,104106.09,104746.85,9068.32377,-0.0011790732379457,-0.0011797688916675,0.0227076321377774,103852.82142857143,98463.323,190.6200000000099,1180.4300000000076,0.0112693603674001
2025-01-26,2025-01-26,104746.86,105500.0,102520.44,102620.0,9812.51238,-0.0203046678730673,-0.0205136412372235,0.0205301259962986,104036.88285714286,98740.68866666668,1288.429999999993,2979.5599999999977,0.0290348859871369
2025-01-27,2025-01-27,102620.01,103260.0,97777.77,102082.83,50758.1341,-0.005234554667706,-0.005248302947392,0.0204121732170623,104011.57142857143,98966.783,-177.17999999999302,5482.229999999996,0.0537037423433499
2025-01-28,2025-01-28,102082.83,103800.0,100272.68,101335.52,22022.05765,-0.0073206238502596,-0.0073475511137683,0.0116297098785041,103324.67142857144,99220.027,-4808.300000000003,3527.320000000007,0.0348083278202944
2025-01-29,2025-01-29,101335.52,104782.68,101328.01,103733.24,23155.35802,0.0236611999425275,0.0233856124401332,0.0138061374799437,103328.46857142856,99584.73333333334,26.580000000001743,3454.6699999999983,0.033303404000492
2025-01-30,2025-01-30,103733.25,106457.44,103278.54,104722.94,19374.07472,0.0095408183529213,0.0094955921810713,0.0142643846133161,103444.55428571429,99956.298,812.6000000000058,3178.9000000000087,0.0303553357077256
2025-01-31,2025-01-31,104722.94,106012.0,101560.0,102429.56,21983.18193,-0.0218994997657628,-0.0221428532511645,0.0160793884691581,103095.84857142856,100217.557,-2440.9400000000023,4452.0,0.043464015661104
2025-02-01,2025-02-01,102429.56,102783.71,100279.51,100635.65,12290.95747,-0.0175135966609639,-0.0176687741751541,0.0168937298743288,102508.53428571428,100339.25233333334,-4111.200000000012,2504.200000000012,0.0248838259602835
2025-02-02,2025-02-02,100635.66,101456.6,96150.0,97700.59,34619.49939,-0.0291652113341543,-0.029598970722466,0.0184417630367172,101805.76142857142,100323.466,-4919.410000000004,5306.600000000006,0.0543149227655637
2025-02-03,2025-02-03,97700.59,102500.01,91231.0,101328.52,75164.7385,0.0371331432082446,0.036460313684873,0.0248858826985543,101698.00285714286,100427.06666666668,-754.3099999999977,11269.009999999997,0.1112126181256767
2025-02-04,2025-02-04,101328.51,101732.31,96150.0,97763.13,40267.98697,-0.035186441092794,-0.0358203995142624,0.0281220882398672,101187.66142857145,100407.05066666666,-3572.3899999999994,5582.309999999998,0.0571003608415565
2025-02-05,2025-02-05,97763.14,99149.0,96155.0,96612.43,26233.30444,-0.011770285996367,-0.0118401042068875,0.0251861064386711,100170.40285714286,100219.61166666666,-7120.810000000012,2994.0,0.0309898012088092
2025-02-06,2025-02-06,96612.44,99120.0,95676.64,96554.35,23515.20405,-0.0006011648811647,-0.0006013456532248,0.0241562286071142,99003.46142857142,100206.26966666666,-8168.5899999999965,3443.3600000000006,0.0356624015386153
2025-02-07,2025-02-07,96554.35,100137.99,95620.34,96506.8,31794.22065,-0.0004924687494659,-0.0004925900520273,0.0239427610175167,98157.35285714285,100254.476,-5922.759999999995,4517.650000000009,0.046811727256525
2025-02-08,2025-02-08,96506.8,96880.0,95688.0,96444.74,10147.24294,-0.0006430634939713,-0.0006432703479849,0.0237001569627095,97558.65142857144,100384.21766666666,-4190.909999999989,1192.0,0.0123594091289996
2025-02-09,2025-02-09,96444.75,97323.09,94713.0,96462.75,14120.91613,0.0001867390590715,0.0001867216255037,0.0213622263349909,97381.81714285717,100442.10566666668,-1237.8399999999965,2610.0899999999965,0.0270580094388766
2025-02-10,2025-02-10,96462.75,98345.0,95256.0,97430.82,20572.87537,0.0100356873508169,0.0099856642396464,0.0145313541501908,96825.00285714286,100536.46666666666,-3897.699999999997,3089.0,0.0317045468774664
2025-02-11,2025-02-11,97430.82,98478.42,94876.88,95778.2,18647.76379,-0.0169619838979083,-0.0171074860302891,0.0088454841002348,96541.44142857144,100577.57133333333,-1984.930000000008,3601.5399999999936,0.0376029200799346
2025-02-12,2025-02-12,95778.21,98119.99,94088.23,97869.99,29151.16625,0.021839938524633,0.0216048635909414,0.0118388244186245,96721.09285714288,100688.70100000002,1257.5600000000122,4031.760000000009,0.0411950588735117
2025-02-13,2025-02-13,97870.0,98083.91,95217.36,96608.14,19921.77616,-0.0128931248485874,-0.0129769625826388,0.0131159339766433,96728.77714285711,100690.277,53.7899999999936,2866.550000000003,0.029671930336305
2025-02-14,2025-02-14,96608.13,98826.0,96252.82,97500.48,18173.02646,0.0092366957898164,0.0091942983898785,0.0135446105755594,96870.73142857142,100590.38133333335,993.679999999993,2573.179999999993,0.0263914598164028
2025-02-15,2025-02-15,97500.47,97972.26,97223.58,97569.66,7349.37683,0.0007095349684433,0.0007092833675137,0.0135178482443591,97031.43428571428,100509.79333333332,1124.9199999999985,748.679999999993,0.0076732869623609
2025-02-16,2025-02-16,97569.67,97704.47,96046.18,96118.12,8191.4249,-0.0148769607273409,-0.0149887326438566,0.0149308045407579,96982.2014285714,100244.48133333331,-344.63000000000466,1658.290000000008,0.0172526262477877
2025-02-17,2025-02-17,96118.12,97046.59,95205.0,95780.0,16492.0451,-0.0035177550289164,-0.0035239568777999,0.0142110363486392,96746.37,99951.94033333332,-1650.820000000007,1841.5899999999965,0.0192272917101691
2025-02-18,2025-02-18,95780.01,96753.91,93388.09,95671.74,23368.19471,-0.0011302986009604,-0.0011309378701796,0.0126751374273892,96731.16142857142,99763.27933333334,-106.45999999999184,3365.820000000007,0.035180921764358
2025-02-19,2025-02-19,95671.74,96899.99,95029.99,96644.37,16438.50954,0.0101663249774697,0.010114995490717,0.0097361052551992,96556.07285714286,99576.09133333332,-1225.62000000001,1870.0,0.0193492906001663
2025-02-20,2025-02-20,96644.37,98711.36,96415.09,98305.0,17057.39177,0.0171828943579435,0.0170369380244533,0.0106010181923986,96798.48142857144,99314.79733333334,1696.8600000000006,2296.270000000004,0.0233586287574386
2025-02-21,2025-02-21,98305.01,99475.0,94871.95,96181.98,32249.2814,-0.021596256548497,-0.0218328685213355,0.0133922133763187,96610.12428571428,99063.97466666666,-1318.5,4603.050000000003,0.0478577172148047
2025-02-22,2025-02-22,96181.99,96980.0,95770.49,96551.01,11268.17708,0.0038367893861199,0.0038294476827775,0.0135437566170393,96464.60285714285,98818.66366666667,-1018.6500000000088,1209.5099999999948,0.0125271605133907
2025-02-23,2025-02-23,96551.01,96650.0,95227.94,96258.0,10884.84913,-0.0030347688750226,-0.0030393831239023,0.0122615101455443,96484.58571428571,98531.58033333332,139.88000000000466,1422.0599999999977,0.0147734214299071
2025-02-24,2025-02-24,96258.0,96500.0,91349.26,91552.88,31550.10299,-0.0488803008581104,-0.0501153577517212,0.0223968985893155,95880.71142857142,98091.78133333332,-4227.119999999995,5150.740000000005,0.0562597266191954
2025-02-25,2025-02-25,91552.88,92540.69,86050.99,88680.4,78333.11111,-0.0313750916410277,-0.0318778335074248,0.0241061919792288,94881.94857142855,97627.128,-6991.340000000011,6489.699999999997,0.0731807704972011
2025-02-26,2025-02-26,88680.39,89414.15,82256.01,84250.09,56893.54409,-0.0499581643745404,-0.051249257856689,0.0261299188422897,93111.33714285716,97032.70333333334,-12394.28,7158.139999999999,0.0849629952917557
2025-02-27,2025-02-27,84250.09,87078.46,82716.49,84708.58,42505.45439,0.005442011990729,0.0054272577477817,0.0236727208966545,91168.99142857143,96478.472,-13596.419999999998,4361.970000000001,0.0514938392309256
2025-02-28,2025-02-28,84708.57,85120.0,78258.52,84349.94,83648.03969,-0.0042338096093689,-0.0042427975590892,0.0244709223339358,89478.69999999998,95832.362,-11832.039999999994,6861.479999999996,0.0813454046321787
2025-03-01,2025-03-01,84349.95,86558.0,83824.78,86064.53,25785.05464,0.020327103967116,0.0201232660499191,0.0275578531004921,87980.63142857142,95210.415,-10486.479999999996,2733.220000000001,0.0317577984798151
2025-03-02,2025-03-02,86064.54,95000.0,85050.6,94270.0,54889.09045,0.0953409029248171,0.0910656416882886,0.0506535714757871,87696.63142857143,94938.42966666668,-1988.0,9949.399999999994,0.1055415296488808
2025-03-03,2025-03-03,94269.99,94416.46,85117.11,86220.61,59171.10218,-0.0853865492733637,-0.0892537611894861,0.0576870651524007,86934.87857142858,94457.92833333332,-5332.270000000004,9299.350000000006,0.1078553028098502
2025-03-04,2025-03-04,86221.16,88967.52,81500.0,87281.98,55609.10706,0.0123099337849732,0.0122347826584605,0.0569845252887014,86735.10428571429,94110.64133333332,-1398.4199999999985,7467.520000000004,0.085556262587077
2025-03-05,2025-03-05,87281.98,91000.0,86334.53,90606.01,38264.01163,0.0380838060731436,0.0373765195126344,0.0539838733945921,87643.09285714287,93753.22433333332,6355.919999999998,4665.470000000001,0.0514918381242039
2025-03-06,2025-03-06,90606.0,92810.64,87836.0,89931.89,34342.44902,-0.0074401245568588,-0.007467940338037,0.054450230046078,88389.28000000001,93492.183,5223.309999999998,4974.639999999999,0.0553156394244577
2025-03-07,2025-03-07,89931.88,91283.02,84667.03,86801.75,57980.35713,-0.0348056734935738,-0.0354258232982397,0.0569380785486013,88739.53857142858,93165.16033333332,2451.8099999999977,6615.990000000005,0.0762195462649083
2025-03-08,2025-03-08,86801.74,86897.25,85218.47,86222.45,12989.23054,-0.006673828580645,-0.0066961981573037,0.0566794100182245,88762.09857142856,92820.76366666668,157.91999999999825,1678.7799999999988,0.01947033516213
2025-03-09,2025-03-09,86222.46,86500.0,80000.0,80734.37,26115.39345,-0.0636502442229373,-0.0657662016000647,0.0430982978951754,86828.43714285713,92295.016,-13535.630000000005,6500.0,0.0805109397645637
2025-03-10,2025-03-10,80734.48,84123.46,77459.91,78595.86,47633.38405,-0.0264882230455256,-0.0268453567037924,0.033023143722431,85739.18714285713,91700.05333333332,-7624.75,6663.550000000003,0.0847824554626669
2025-03-11,2025-03-11,78595.86,83617.4,76606.0,82932.99,48770.06853,0.0551826775608792,0.0537139060247328,0.0413526722326999,85117.90285714285,91249.06133333336,-4348.989999999991,7011.399999999994,0.0845429544985655
2025-03-12,2025-03-12,82932.99,84539.85,80607.65,83680.12,31933.986,0.0090088395462408,0.0089685020330386,0.0373940326974072,84128.48999999999,90790.70466666666,-6925.889999999999,3932.200000000012,0.0469908503955301
2025-03-13,2025-03-13,83680.12,84336.33,79939.9,81115.78,27546.27412,-0.0306445545250173,-0.0311239175565561,0.0380796125466821,82869.04571428572,90301.95733333334,-8816.11,4396.430000000008,0.0541994418348687
2025-03-14,2025-03-14,81115.78,85309.71,80818.84,83983.2,26858.52755,0.0353497186367437,0.0347392620472014,0.0408272213640448,82466.39571428571,89839.06433333333,-2818.550000000003,4490.87000000001,0.0534734327817945
2025-03-15,2025-03-15,83983.19,84676.28,83618.0,84338.44,11324.7332,0.0042298935977671,0.004220972745167,0.040915576647249,82197.25142857143,89430.07433333334,-1884.0099999999948,1058.2799999999988,0.012548014879099
2025-03-16,2025-03-16,84338.44,85117.04,81981.12,82574.53,17596.12531,-0.0209146624006799,-0.0211364721204962,0.0326021209526467,82460.13142857143,88932.54266666666,1840.1600000000035,3135.9199999999983,0.0379768434649279
2025-03-17,2025-03-17,82574.52,84756.83,82456.0,84010.03,17214.74358,0.0173842951331359,0.0172349170117196,0.0299459507539514,83233.58428571429,88480.555,5414.169999999998,2300.8300000000017,0.0273875631278789
2025-03-18,2025-03-18,84010.02,84021.74,81134.66,82715.03,17610.89883,-0.0154148260630307,-0.0155348697269551,0.0233268549638466,83202.44714285714,88033.78533333333,-217.9600000000064,2887.0800000000017,0.0349039346295347
2025-03-19,2025-03-19,82715.03,87000.0,82547.16,86845.94,28151.05374,0.0499414677114908,0.0487344175789443,0.0301391215417503,83654.70714285715,87735.98333333334,3165.820000000007,4452.8399999999965,0.0512728631873867
2025-03-20,2025-03-20,86845.93,87453.67,83655.23,84223.39,22090.30463,-0.0301977271476363,-0.0306630706836421,0.0300496465106319,84098.65142857144,87354.37166666666,3107.6100000000006,3798.4400000000014,0.0450995857564033
2025-03-21,2025-03-21,84223.38,84850.33,83175.25,84088.79,11956.97443,-0.0015981308755205,-0.0015994092488549,0.027086502246194,84113.73571428572,86935.85233333334,105.58999999999652,1675.0800000000015,0.0199203722636513
2025-03-22,2025-03-22,84088.79,84539.17,83625.1,83840.59,5420.22114,-0.0029516419489445,-0.0029560066348178,0.027057231244763,84042.61428571427,86453.70533333333,-497.8500000000058,914.0699999999924,0.0109024757578637
2025-03-23,2025-03-23,83840.59,86129.64,83809.75,86082.5,8461.97813,0.026740150564303,0.0263888809809596,0.027070354801704,84543.75285714286,86117.05600000001,3507.970000000001,2319.8899999999994,0.0269496122905352
2025-03-24,2025-03-24,86082.5,88765.43,85519.09,87498.16,30115.62111,0.0164453866929981,0.0163116258283656,0.0270083730904246,85042.05714285714,85815.29433333334,3488.1300000000047,3246.3399999999965,0.0371018087694643
2025-03-25,2025-03-25,87498.16,88539.63,86310.0,87392.87,22643.25248,-0.0012033395902268,-0.0012040641846587,0.0256165222929797,85710.31999999999,85519.79,4677.8399999999965,2229.6300000000047,0.0255127220332734
2025-03-26,2025-03-26,87392.88,88275.0,85860.0,86909.17,18408.78485,-0.0055347764640295,-0.0055501500919203,0.0179829747763854,85719.35285714285,85364.99966666667,63.229999999995925,2415.0,0.0277876316158582
2025-03-27,2025-03-27,86909.17,87756.39,85800.0,87232.01,17098.03897,0.0037146828119518,0.0037078004164337,0.0119823229323154,86149.1557142857,85316.72,3008.619999999996,1956.39,0.0224274323152705
2025-03-28,2025-03-28,87232.01,87515.67,83585.0,84424.38,27182.73169,-0.0321857767578666,-0.0327151282624945,0.0185849252357295,86197.09714285715,85322.52966666665,335.59000000001106,3930.6699999999983,0.0465584704323561
2025-03-29,2025-03-29,84424.38,84624.73,81644.81,82648.54,11696.39864,-0.0210346821617168,-0.0212590631891735,0.0203526780772747,86026.80428571429,85253.86166666666,-1192.050000000003,2979.9199999999983,0.0360553253572295
2025-03-30,2025-03-30,82648.53,83534.64,81565.0,82389.99,9864.49508,-0.0031283069247198,-0.0031332103056849,0.0160273480421933,85499.30285714286,85188.53,-3692.5099999999934,1969.64,0.0239063022097708
2025-03-31,2025-03-31,82390.0,83943.08,81278.52,82550.01,20569.13885,0.0019422262340362,0.0019403425512951,0.0133332265916123,84792.42428571428,85071.37933333333,-4948.150000000009,2664.5599999999977,0.0322781305538303
2025-04-01,2025-04-01,82550.0,85579.46,82432.74,85158.34,20190.39697,0.0315969677047889,0.031108055610873,0.0201993463275684,84473.20571428571,84767.65733333332,-2234.529999999999,3146.720000000001,0.0369514013542302
2025-04-02,2025-04-02,85158.35,88500.0,82320.0,82516.29,39931.457,-0.0310251468030025,-0.0315166187211996,0.0227589099136703,83845.65142857142,84644.18,-4392.880000000005,6180.0,0.0748943026885964
2025-04-03,2025-04-03,82516.28,83998.02,81211.24,83213.09,27337.84135,0.0084443932222353,0.0084089387880866,0.0232014746500087,83271.52,84508.55033333335,-4018.9199999999983,2786.779999999999,0.0334896829332981
2025-04-04,2025-04-04,83213.09,84720.0,81659.0,83889.87,32915.53976,0.0081330954060232,0.00810020002606,0.0206184597167603,83195.16142857143,84284.67899999999,-534.5100000000093,3061.0,0.0364883149777202
2025-04-05,2025-04-05,83889.87,84266.0,82379.95,83537.99,9360.40468,-0.0041945469697353,-0.0042033687594591,0.0187516661901971,83322.22571428571,84071.54899999998,889.4500000000116,1886.050000000003,0.0225771532209477
2025-04-06,2025-04-06,83537.99,83817.63,77153.83,78430.0,27942.71436,-0.0611457134652151,-0.0630949912246192,0.0304219886415635,82756.51285714285,83792.49066666666,-3959.990000000005,6663.800000000003,0.0849649368863955
2025-04-07,2025-04-07,78430.0,81243.58,74508.0,79163.24,78387.53089,0.0093489736070382,0.0093055424346964,0.0308940406060672,82272.68857142856,83557.18366666668,-3386.769999999989,6735.580000000002,0.0850846933500953
2025-04-08,2025-04-08,79163.24,80867.99,76239.9,76322.42,35317.32063,-0.0358855953849287,-0.0365453144265594,0.0277386603671285,81010.41428571429,83410.11866666666,-8835.919999999998,4628.090000000011,0.0606386694761514
2025-04-09,2025-04-09,76322.42,83588.0,74620.0,82615.22,75488.28772,0.0824502158081466,0.0792271898213657,0.0448325773919014,81024.54714285715,83544.09733333332,98.93000000000757,8968.0,0.1085514267225821
2025-04-10,2025-04-10,82615.22,82753.21,78464.36,79607.3,33284.80718,-0.0364087876301727,-0.0370881278659981,0.0467587604489105,80509.43428571429,83433.241,-3605.7899999999936,4288.850000000006,0.0538750843201566
2025-04-11,2025-04-11,79607.3,84300.0,78969.58,83423.84,34435.43797,0.0479420857132448,0.0468283226478621,0.0509133565708167,80442.85857142857,83424.69833333333,-466.0299999999989,5330.419999999998,0.0638956442187269
2025-04-12,2025-04-12,83423.83,85905.0,82792.95,85276.9,18470.74437,0.0222125953444483,0.021969489076607,0.0514996933902599,80691.27428571429,83563.40233333333,1738.909999999989,3112.050000000003,0.0364934700956531
2025-04-13,2025-04-13,85276.91,86100.0,83034.23,83760.0,24680.04181,-0.0177879355370562,-0.0179480423502672,0.0444768467242925,81452.70285714287,83555.96233333334,5330.0,3065.770000000004,0.0366018385864374
2025-04-14,2025-04-14,83760.0,85799.99,83678.0,84591.58,28659.09348,0.0099281279847183,0.0098791679099759,0.0444753922403827,82228.18000000001,83564.40033333332,5428.3399999999965,2121.990000000005,0.0250851207649745
2025-04-15,2025-04-15,84591.58,86496.42,83600.0,83643.99,20910.99528,-0.0112019423209732,-0.0112651566020126,0.0410448406337016,83274.11857142857,83600.04900000001,7321.570000000007,2896.4199999999983,0.034627951153454
2025-04-16,2025-04-16,83643.99,85500.0,83111.64,84030.38,20867.24519,0.0046194592103987,0.0046088222541115,0.0277669208370054,83476.28428571428,83600.72733333334,1415.1600000000035,2388.3600000000006,0.0284225776439425
2025-04-17,2025-04-17,84030.38,85470.01,83736.26,84947.91,13728.84772,0.0109190271423262,0.0108598449834582,0.0217509387494285,84239.22857142857,83675.15666666666,5340.610000000001,1733.75,0.0204095662859745
2025-04-18,2025-04-18,84947.92,85132.08,84303.96,84474.69,6529.96315,-0.0055707079785718,-0.0055862822389649,0.0140289768808242,84389.34999999999,83596.115,1050.8500000000058,828.1199999999953,0.0098031729977345
2025-04-19,2025-04-19,84474.7,85677.99,84364.45,85077.01,9666.58153,0.0071301830169485,0.007104883451191,0.0112719993677735,84360.79428571429,83624.56899999999,-199.88999999999945,1313.540000000008,0.0154394236468819
2025-04-20,2025-04-20,85077.0,85320.76,83949.52,85179.24,8091.67725,0.0012016172171542,0.0012008958529972,0.0082312516817041,84563.54285714286,83660.91733333333,1419.2400000000052,1371.2399999999907,0.0160982887379599
2025-04-21,2025-04-21,85179.24,88465.99,85144.76,87516.23,31773.37262,0.0274361452391449,0.0270665197044683,0.0124615237765861,84981.34999999999,83783.43866666667,2924.649999999994,3321.2300000000105,0.0379498751260196
2025-04-22,2025-04-22,87516.22,93888.0,87076.03,93442.99,43872.74705,0.0677218385664009,0.0655272558342847,0.0249129308029259,86381.20714285715,84028.78833333333,9799.0,6811.970000000001,0.0728997434692532
2025-04-23,2025-04-23,93442.99,94696.05,91935.41,93691.08,27404.16808,0.0026549878166355,0.0026514695623879,0.0250757657206763,87761.30714285714,84235.219,9660.699999999995,2760.6399999999994,0.0294653450467216
2025-04-24,2025-04-24,93691.07,94005.0,91660.01,93980.47,19497.06071,0.0030887678955136,0.0030840074520417,0.0255073673296127,89051.67285714285,84454.80566666668,9032.559999999998,2344.990000000005,0.0249518862802027
2025-04-25,2025-04-25,93980.47,95758.04,92855.96,94638.68,27500.66648,0.0070036891707392,0.0069792772557713,0.0242444419382424,90503.67142857144,84712.45599999999,10163.98999999999,2902.079999999987,0.0306648402112116
2025-04-26,2025-04-26,94638.68,95199.0,93870.69,94628.0,9415.06875,-0.0001128502637609,-0.000112856631831,0.0248628982560145,91868.09857142858,84958.989,9550.990000000003,1328.3099999999977,0.0140371771568668
2025-04-27,2025-04-27,94628.0,95369.0,93602.58,93749.3,11162.841,-0.0092858350593904,-0.009329217194183,0.0261554473720767,93092.39285714286,85269.81966666668,8570.059999999998,1766.4199999999985,0.0188419540199233
2025-04-28,2025-04-28,93749.29,95630.0,92800.01,95011.18,22157.53351,0.0134601538358152,0.0133703707308457,0.0254902773877978,94163.1,85681.90766666667,7494.949999999997,2829.990000000005,0.0297858630952694
2025-04-29,2025-04-29,95011.18,95461.53,93742.54,94256.82,16955.3402,-0.0079396972019502,-0.00797138443391,0.0080089277211185,94279.3614285714,86077.46866666667,813.8300000000017,1718.9900000000052,0.0182373010250081
2025-04-30,2025-04-30,94256.82,95228.45,92910.0,94172.0,17661.2751,-0.0008998818334843,-0.0009002869702098,0.0080189497025232,94348.06428571428,86464.86833333335,480.9199999999983,2318.449999999997,0.024619313596398
2025-05-01,2025-05-01,94172.0,97424.02,94130.43,96489.91,21380.45343,0.0246135794078918,0.0243155458100097,0.0121328615015443,94706.55571428571,86842.58733333331,2509.4400000000023,3293.590000000011,0.0341340353618322
2025-05-02,2025-05-02,96489.9,97895.68,96350.0,96887.14,14905.74811,0.004116803508263,0.0041083526584195,0.0120559901148522,95027.76428571428,87321.61566666668,2248.4600000000064,1545.679999999993,0.0159534072323735
2025-05-03,2025-05-03,96887.13,96935.67,95753.01,95856.42,9723.34838,-0.0106383571648415,-0.0106953490468046,0.0131747742172664,95203.25285714286,87743.06,1228.4199999999985,1182.6600000000035,0.012337827763649
2025-05-04,2025-05-04,95856.42,96304.48,94151.38,94277.62,11036.38342,-0.0164704669755035,-0.0166076131092112,0.0144146065353357,95278.72714285715,88089.31833333334,528.3199999999924,2153.099999999992,0.0228378696874188
2025-05-05,2025-05-05,94277.61,95199.0,93514.1,94733.68,17251.18189,0.0048374152847727,0.00482575258787,0.0135010298503928,95239.08428571429,88462.508,-277.5,1684.8999999999942,0.0177856492010021
2025-05-06,2025-05-06,94733.68,96920.65,93377.0,96834.02,16122.64513,0.0221709955741191,0.0219287924377574,0.0153467672856968,95607.25571428573,89075.97533333332,2577.199999999997,3543.649999999994,0.036595093335999
2025-05-07,2025-05-07,96834.02,97732.0,95784.61,97030.5,16644.83854,0.0020290389679165,0.0020269832486365,0.0152316326711391,96015.61285714286,89671.55066666665,2858.5,1947.39,0.0200698749362313
2025-05-08,2025-05-08,97030.5,104145.76,96876.29,103261.6,34962.02847,0.0642179520872303,0.062240212129403,0.0268921843103264,96982.99714285714,90569.52333333332,6771.690000000002,7269.470000000001,0.0703985799174136
2025-05-09,2025-05-09,103261.61,104361.3,102315.14,102971.99,27617.39907,-0.0028046243714991,-0.002808564699583,0.0272707443315781,97852.26142857142,91248.08233333334,6084.850000000006,2046.1600000000035,0.0198710348318994
2025-05-10,2025-05-10,102971.99,104984.57,102818.76,104809.53,15324.78611,0.0178450469880206,0.0176876933678977,0.0259359701643094,99131.27714285711,92088.15666666666,8953.11,2165.810000000012,0.0206642468485452
2025-05-11,2025-05-11,104809.53,104972.0,103345.06,104118.0,17987.12197,-0.0065979687152494,-0.0066198315306769,0.0242740169755361,100537.0457142857,92777.962,9840.380000000005,1626.9400000000023,0.0156259244318946
2025-05-12,2025-05-12,104118.0,105819.45,100718.37,102791.32,31272.77792,-0.0127420811002899,-0.0128239576779249,0.0262709542662525,101688.13714285716,93361.776,8057.640000000014,5101.080000000002,0.0496255909545669
2025-05-13,2025-05-13,102791.32,104976.25,101429.7,104103.72,21253.42409,0.0127676150087381,0.0126867961942682,0.0259030383228012,102726.66571428571,94039.9,7269.699999999997,3546.550000000003,0.0340674665612333
2025-05-14,2025-05-14,104103.72,104356.95,102602.05,103507.82,16452.9081,-0.0057240990043391,-0.0057405444459628,0.0264933094275493,103651.99714285714,94670.44133333334,6477.320000000007,1754.8999999999942,0.0169542745659216
2025-05-15,2025-05-15,103507.83,104192.7,101383.07,103763.71,17998.98604,0.0024721803627976,0.002469129551993,0.0110318300971083,103723.72714285715,95341.09866666669,502.1100000000006,2809.62999999999,0.0270771929800889
2025-05-16,2025-05-16,103763.71,104550.33,103100.49,103463.9,15683.88024,-0.0028893531274085,-0.0028935353660749,0.0110364195699314,103794.0,95988.88266666669,491.90999999998894,1449.8399999999965,0.0140130035693608
2025-05-17,2025-05-17,103463.9,103709.86,102612.5,103126.65,11250.89622,-0.0032595910264353,-0.003264915065874,0.0080654265534071,103553.58857142855,96594.84066666669,-1682.8800000000049,1097.3600000000006,0.010640896412324
2025-05-18,2025-05-18,103126.65,106660.0,103105.09,106454.26,21599.98726,0.0322672170578604,0.0317575648000751,0.0149974083961297,103887.34,97327.493,2336.2599999999948,3554.9100000000035,0.0333937786989454
2025-05-19,2025-05-19,106454.27,107108.62,102000.0,105573.74,30260.03524,-0.0082713458343516,-0.0083057432217508,0.0142798909242122,104284.82857142856,98010.71733333332,2782.4199999999983,5108.619999999995,0.0483891164602106
2025-05-20,2025-05-20,105573.73,107320.0,104184.72,106849.99,23705.48275,0.0120887069076078,0.012016222070838,0.0142118397580417,104677.15285714284,98733.07566666669,2746.270000000004,3135.279999999999,0.0293428197793935
2025-05-21,2025-05-21,106850.0,110797.38,106100.01,109643.99,45531.040345,0.0261488091856629,0.02581277442421,0.0156776419838114,105553.74857142856,99470.66766666666,6136.169999999998,4697.37000000001,0.0428420198863613
2025-05-22,2025-05-22,109643.99,111980.0,109177.37,111696.21,31630.77313,0.0187171225709681,0.0185441127291967,0.0158611926658326,106686.96285714286,100079.10833333334,7932.5,2802.6300000000047,0.0250915407067079
2025-05-23,2025-05-23,111696.22,111800.0,106800.0,107318.3,31737.72309,-0.0391947945234668,-0.0399835903745315,0.0245796856298302,107237.59142857144,100533.349,3854.4000000000087,5000.0,0.0465903764781961
2025-05-24,2025-05-24,107318.3,109506.03,106875.41,107761.91,16782.53129,0.0041335913818985,0.0041250715632717,0.0242978121401584,107899.77142857145,100992.73033333333,4635.260000000009,2630.619999999996,0.0244114084466394
2025-05-25,2025-05-25,107761.9,109299.99,106600.64,109004.19,17710.04695,0.0115280065099068,0.0114620653391485,0.0217734367097424,108264.04714285716,101471.58066666666,2549.930000000008,2699.350000000006,0.0247637269723302
2025-05-26,2025-05-26,109004.2,110422.22,108670.58,109434.79,14649.11593,0.0039503068643507,0.0039425248895826,0.0211444437137442,108815.62571428572,101965.14033333331,3861.049999999989,1751.6399999999994,0.0160062444493199
2025-05-27,2025-05-27,109434.78,110718.0,107516.57,108938.17,21276.65635,-0.0045380449855114,-0.0045483731700125,0.021193646193269,109113.93714285716,102471.436,2088.179999999993,3201.429999999993,0.0293875874727838
2025-05-28,2025-05-28,108938.17,109284.7,106769.43,107781.78,15633.78829,-0.0106151039621833,-0.0106718460844975,0.0189242585153265,108847.90714285716,102897.12266666668,-1862.2100000000064,2515.270000000004,0.023336690115899
2025-05-29,2025-05-29,107781.78,108891.91,105322.86,105589.75,19834.70116,-0.0203376674610494,-0.0205473253252083,0.0173944985694756,107975.55571428571,103274.887,-6106.460000000006,3569.050000000003,0.0338011028532599
2025-05-30,2025-05-30,105589.75,106313.12,103621.0,103985.48,23706.49799,-0.0151934254982136,-0.0153100281575464,0.011585871096472,107499.43857142856,103602.003,-3332.820000000007,2692.119999999996,0.025889383787044
2025-05-31,2025-05-31,103985.47,104900.0,103068.55,104591.88,11289.35922,0.0058315834095299,0.0058146455448111,0.0118108552538365,107046.57714285716,103872.06866666667,-3170.029999999999,1831.449999999997,0.0175104415371441
2025-06-01,2025-06-01,104591.88,105866.91,103752.49,105642.93,9709.70006,0.0100490592577549,0.0099989031960423,0.0114916033350952,106566.39714285712,104163.92833333332,-3361.2600000000093,2114.4199999999983,0.0200147799762842
2025-06-02,2025-06-02,105642.93,105935.63,103659.88,105857.99,13453.98813,0.0020357254385126,0.0020336561573317,0.0112803650059009,106055.42571428572,104497.314,-3576.7999999999884,2275.75,0.0214981410472653
2025-06-03,2025-06-03,105858.0,106794.67,104872.5,105376.89,13259.52634,-0.0045447679480784,-0.0045551268035746,0.0112803510797803,105546.67142857144,104867.28966666666,-3561.279999999999,1922.1699999999985,0.0182409065213444
2025-06-04,2025-06-04,105376.9,106000.0,104179.0,104696.86,14034.89482,-0.0064533124862576,-0.0064742251263659,0.0110222509760276,105105.96857142856,105199.39566666663,-3084.9199999999983,1821.0,0.0173930717692966
2025-06-05,2025-06-05,104696.86,105909.71,100372.26,101508.68,22321.50154,-0.0304515340765711,-0.0309248149110365,0.0138161781248437,104522.95857142856,105355.21766666666,-4081.070000000007,5537.450000000012,0.0545514925423127
2025-06-06,2025-06-06,101508.69,105333.0,101095.8,104288.44,15839.07385,0.0273844561864069,0.0270162096650293,0.0176848373383795,104566.23857142856,105597.149,302.9600000000064,4237.199999999997,0.0406296229956071
2025-06-07,2025-06-07,104288.43,105900.0,103871.09,105552.15,8344.93206,0.0121174504096521,0.0120446218481455,0.018151147135106,104703.42,105673.50066666667,960.2699999999896,2028.9100000000035,0.0192218727898958
2025-06-08,2025-06-08,105552.15,106488.14,104964.14,105734.0,8048.06305,0.0017228450581063,0.0017213626629398,0.0177622307303287,104716.43,105765.56766666664,91.07000000000698,1524.0,0.0144135282879679
2025-06-09,2025-06-09,105734.01,110530.17,105318.37,110263.02,19975.37451,0.0428340931015567,0.0419420963494116,0.0240301930611556,105345.72,105947.35066666668,4405.029999999999,5211.800000000003,0.0472669803529778
2025-06-10,2025-06-10,110263.02,110400.0,108331.03,110274.39,17071.82839,0.0001031170740652,0.0001031117578652,0.0237500421453631,106045.36285714286,106152.56366666668,4897.5,2068.970000000001,0.0187620171827747
2025-06-11,2025-06-11,110274.39,110392.01,108064.0,108645.12,13115.91638,-0.0147746906602702,-0.0148849235207292,0.0247099729697137,106609.4,106347.69033333332,3948.2599999999934,2328.0099999999948,0.0214276536304621
2025-06-12,2025-06-12,108645.13,108813.55,105671.72,105671.73,17778.67218,-0.0273679112324602,-0.0277493887872792,0.0239775627120425,107204.12142857142,106399.95733333334,4163.050000000003,3141.8300000000017,0.0297319822435007
2025-06-13,2025-06-13,105671.74,106179.53,102664.31,106066.59,26180.81734,0.003736666372359,0.0037297023772628,0.0220514977555375,107458.14285714284,106485.24966666666,1778.1499999999942,3515.220000000001,0.0331416330062086
2025-06-14,2025-06-14,106066.59,106252.0,104300.0,105414.64,8798.93969,-0.006146610351101,-0.0061655785271072,0.0218203813463418,107438.49857142856,106540.28066666666,-137.50999999999476,1952.0,0.0185173520490133
2025-06-15,2025-06-15,105414.63,106128.57,104494.53,105594.01,7164.20047,0.0017015663099546,0.0017001202861056,0.0218201053096546,107418.5,106611.28433333331,-139.99000000000524,1634.040000000008,0.015474741417624
2025-06-16,2025-06-16,105594.02,108952.38,104980.37,106794.53,14922.6654,0.0113692055070169,0.0113050618075081,0.0129778164724089,106923.00142857144,106733.547,-3468.490000000005,3972.010000000009,0.0371930097917937
2025-06-17,2025-06-17,106794.53,107771.34,103371.02,104551.17,17866.33025,-0.0210063193311492,-0.0212300913561666,0.0141355682369805,106105.39857142858,106670.11066666666,-5723.220000000001,4400.319999999992,0.0420877164741436
2025-06-18,2025-06-18,104551.17,105550.27,103500.0,104886.78,13968.64167,0.0032100071190022,0.0032048660451346,0.0142267390970816,105568.49285714285,106647.212,-3758.339999999997,2050.270000000004,0.0195474586978454
2025-06-19,2025-06-19,104886.79,105226.17,103929.27,104658.59,7678.60737,-0.0021755839963816,-0.0021779540173212,0.0102291680779202,105423.75857142858,106574.16533333334,-1013.1399999999994,1296.8999999999942,0.0123917205458242
2025-06-20,2025-06-20,104658.59,106524.65,102345.0,103297.99,16419.06283,-0.013000366238452,-0.0130856106109857,0.0107882512137593,105028.2442857143,106362.632,-2768.599999999992,4179.649999999994,0.0404620651379566
2025-06-21,2025-06-21,103297.98,103982.64,100837.9,102120.01,11154.21332,-0.0114037068872299,-0.0114692277493546,0.0111617559800136,104557.58285714289,106043.42533333336,-3294.6300000000047,3144.740000000005,0.0307945524094641
2025-06-22,2025-06-22,102120.02,103399.62,98200.0,100963.87,28746.41072,-0.0113213854953597,-0.0113859602263607,0.0110459442201671,103896.13428571427,105831.611,-4630.139999999999,5199.619999999995,0.0514998087929869
2025-06-23,2025-06-23,100963.87,106074.2,99613.33,105333.93,27666.50609,0.0432834042514416,0.0423728593887924,0.0213501307666167,103687.47714285714,105750.67833333332,-1460.6000000000058,6460.869999999995,0.0613370259706439
2025-06-24,2025-06-24,105333.94,106290.0,104622.02,106083.0,14651.69335,0.0071113837677945,0.0070862171209309,0.0197106583048507,103906.30999999998,105653.30533333334,1531.8300000000015,1667.979999999996,0.0157233486986604
2025-06-25,2025-06-25,106083.0,108135.3,105808.03,107340.58,16701.15551,0.0118546798261738,0.0117849635445264,0.0200492187133943,104256.85285714285,105583.49833333334,2453.800000000003,2327.270000000004,0.0216811759355129
2025-06-26,2025-06-26,107340.59,108272.45,106562.5,106947.06,10573.27279,-0.0036660878858676,-0.0036728244556723,0.0201270368200473,104583.77714285711,105517.128,2288.470000000001,1709.949999999997,0.0159887518179555
2025-06-27,2025-06-27,106947.06,107735.34,106356.76,107047.59,12232.44042,0.0009399977895605,0.0009395562683027,0.0189017440270594,105119.43428571428,105492.655,3749.5999999999913,1378.5800000000015,0.0128781974447066
2025-06-28,2025-06-28,107047.58,107577.75,106811.51,107296.79,3282.17352,0.0023279365747514,0.0023252311283283,0.0175486075618376,105858.9742857143,105549.55633333333,5176.779999999999,766.2400000000052,0.0071413133608191
2025-06-29,2025-06-29,107296.79,108528.5,107172.52,108356.93,6831.7364,0.0098804446992308,0.0098319522617791,0.0155287956248115,106915.12571428568,105695.27133333334,7393.059999999998,1355.979999999996,0.0125140127170453
2025-06-30,2025-06-30,108356.93,108789.99,106733.33,107146.5,9754.12491,-0.0111707668351253,-0.0112336284308603,0.0080685863128319,107174.06428571428,105780.42533333336,1812.570000000007,2056.6600000000035,0.0191948407087492
2025-07-01,2025-07-01,107146.51,107540.0,105250.85,105681.14,10505.62437,-0.0136762283415696,-0.0137706094588064,0.0097293792279773,107116.6557142857,105781.699,-401.8600000000006,2289.149999999994,0.0216609131960536
2025-07-02,2025-07-02,105681.13,109730.0,105100.19,108849.6,17691.89592,0.0299813192779714,0.0295406654537451,0.0147057259477732,107332.23,105881.41933333334,1509.020000000004,4629.809999999998,0.0425340102306301
2025-07-03,2025-07-03,108849.59,110529.18,108530.4,109584.78,13047.08225,0.0067540900471843,0.0067313833656431,0.0145527766366035,107709.04714285712,106021.68233333336,2637.720000000001,1998.7799999999988,0.018239576700341
2025-07-04,2025-07-04,109584.77,109767.59,107245.0,107984.24,11793.86615,-0.0146054953981747,-0.0147132057075679,0.0161235656188364,107842.85428571427,106131.26166666669,936.6500000000088,2522.5899999999965,0.0233607237500583
2025-07-05,2025-07-05,107984.25,108420.56,107756.31,108198.12,3736.9757,0.0019806593999271,0.0019787004803064,0.0161206102553041,107971.61571428573,106354.243,901.3300000000016,664.25,0.0061392009399054
2025-07-06,2025-07-06,108198.12,109700.0,107800.01,109203.84,6447.607,0.0092951707478836,0.0092522364973247,0.016070166979722,108092.60285714285,106518.08966666668,846.9100000000035,1899.9900000000048,0.0173985640065404
2025-07-07,2025-07-07,109203.85,109700.0,107513.2,108262.94,9405.37601,-0.0086159973861724,-0.0086533296829764,0.0157679593384249,108252.0942857143,106608.44933333334,1116.4400000000023,2186.800000000003,0.020198971134536
2025-07-08,2025-07-08,108262.94,109216.56,107429.57,108922.98,9216.0208,0.006096638424931,0.0060781291164992,0.0142785626069193,108715.21428571428,106714.74866666668,3241.8399999999965,1786.9899999999907,0.0164059962369739
2025-07-09,2025-07-09,108922.99,111999.79,108324.53,111233.99,17282.2865,0.0212169185969757,0.0209949736167124,0.0118385791848773,109055.84142857142,106747.11433333336,2384.3899999999994,3675.2599999999934,0.0330407998490389
2025-07-10,2025-07-10,111234.0,116868.0,110500.0,116010.0,24883.450665,0.0429366059780826,0.042040393709379,0.0192489272647059,109973.73,106938.30133333334,6425.220000000001,6368.0,0.054891819670718
2025-07-11,2025-07-11,116010.01,118869.98,115222.22,117527.66,25873.521148,0.0130821480906819,0.0129973158489833,0.0163819086578835,111337.07571428572,107234.386,9543.419999999998,3647.7599999999934,0.0310374596073808
2025-07-12,2025-07-12,117527.66,118200.0,116900.05,117420.0,8446.60437,-0.0009160396795103,-0.0009164595002588,0.016718694836225,112654.48714285716,107625.99499999998,9221.880000000005,1299.949999999997,0.0110709419179015
2025-07-13,2025-07-13,117420.0,119488.0,117224.79,119086.64,9550.792947,0.0141938340998126,0.0140940447900117,0.0166954247817389,114066.31571428572,108059.99666666666,9882.800000000005,2263.2100000000064,0.0190047347040776
2025-07-14,2025-07-14,119086.65,123218.0,118905.18,119841.18,27269.348877,0.0063360591918621,0.0063160707563308,0.0143206350006514,115720.35,108540.88133333334,11578.23999999999,4312.820000000007,0.0359877965153547
2025-07-15,2025-07-15,119841.17,119940.83,115736.92,117758.09,32018.46083,-0.0173820885274994,-0.0175349307627005,0.0187407118717908,116982.50857142858,108946.35066666668,8835.11,4203.910000000004,0.035699543020781
2025-07-16,2025-07-16,117758.08,120063.84,117017.29,118630.43,17039.90851,0.007407898684498,0.0073805949622627,0.0182496451030075,118039.14285714286,109340.88066666666,7396.439999999988,3046.550000000003,0.0256810162451573
2025-07-17,2025-07-17,118630.44,120998.71,117453.57,119177.56,15728.57651,0.0046120544281935,0.0046014514935447,0.010685995426646,118491.65142857144,109828.427,3167.5599999999977,3545.1399999999994,0.0297467073499407
2025-07-18,2025-07-18,119177.56,120820.71,116812.76,117924.84,19924.66266,-0.0105113747923686,-0.0105670095006571,0.0110244056246513,118548.39142857144,110263.029,397.179999999993,4007.950000000012,0.0339873261646995
2025-07-19,2025-07-19,117924.84,118499.9,117277.34,117840.0,6635.80306,-0.0007194412983727,-0.0007197002204572,0.0110203445430528,118608.39142857144,110702.40933333331,420.0,1222.5599999999977,0.0103747454175152
2025-07-20,2025-07-20,117840.01,118856.8,116467.02,117265.12,12962.92889,-0.0048784792939579,-0.0048904179181156,0.0093140679758973,118348.17428571428,111167.98033333334,-1821.520000000004,2389.779999999999,0.0203792909605174
2025-07-21,2025-07-21,117265.11,119676.73,116515.0,117380.36,17107.33128,0.0009827304146365,0.0009822478512299,0.0086994959296238,117996.62857142858,111676.65866666666,-2460.8199999999924,3161.729999999996,0.026935766767115
2025-07-22,2025-07-22,117380.36,120247.8,116128.0,119954.42,20959.12973,0.0219292222310443,0.021692235206271,0.0103456734927578,118310.39,112309.677,2196.3300000000017,4119.800000000003,0.0343447119330826
2025-07-23,2025-07-23,119954.43,120090.0,117301.0,118755.99,14558.75083,-0.0099907114719073,-0.0100409535459066,0.0110864660896729,118328.32714285716,112757.079,125.56000000001222,2789.0,0.023485131150016
2025-07-24,2025-07-24,118756.0,119450.0,117103.1,118340.99,15806.89043,-0.0034945605691132,-0.0035006808084234,0.010972004921609,118208.81714285714,113165.67866666666,-836.5699999999924,2346.899999999994,0.0198316745533394
2025-07-25,2025-07-25,118340.98,118451.57,114723.16,117614.31,38406.34873,-0.0061405604262733,-0.0061594912042918,0.0104494255474348,118164.45571428572,113508.13633333331,-310.52999999999884,3728.410000000004,0.0317003092565862
2025-07-26,2025-07-26,117614.31,118297.35,117138.38,117919.99,6991.67206,0.0025990034716014,0.0025956319026282,0.0105039589028065,118175.88285714285,113873.90066666668,79.99000000000524,1158.9700000000012,0.0098284438456957
2025-07-27,2025-07-27,117919.99,119766.65,117825.5,119415.55,9328.30919,0.0126828368964413,0.0126030833468208,0.011179935391653,118483.08714285714,114286.166,2150.430000000008,1941.1499999999944,0.0162554206717633
2025-07-28,2025-07-28,119415.56,119800.0,117427.5,118062.32,13961.74754,-0.0113321087580302,-0.0113968063402202,0.012389938569715,118580.51,114645.017,681.9600000000064,2372.5,0.0200953191500895
2025-07-29,2025-07-29,118062.32,119273.36,116950.75,117950.76,15137.93445,-0.000944924680457,-0.0009453714032179,0.0082379810979048,118294.27285714285,114964.81133333332,-2003.6600000000035,2322.6100000000006,0.0196913525610178
2025-07-30,2025-07-30,117950.75,118792.0,115796.23,117840.3,15586.73631,-0.000936492482117,-0.0009369312651676,0.0075225736694039,118163.46,115321.27133333332,-915.6900000000024,2995.770000000004,0.0254222876214673
2025-07-31,2025-07-31,117840.29,118922.45,115500.0,115764.08,17010.0073,-0.0176189300264849,-0.017775990938679,0.0098210117926004,117795.33,115657.36933333334,-2576.9100000000035,3422.449999999997,0.0295640063826361
2025-08-01,2025-08-01,115764.07,116052.0,112722.58,113297.93,24487.10206,-0.0213032401760546,-0.0215334292496769,0.0120278910003675,117178.7042857143,115805.647,-4316.380000000005,3329.4199999999983,0.0293864150916084
2025-08-02,2025-08-02,113297.92,114063.49,112003.0,112546.35,11507.33428,-0.0066336604737614,-0.0066557609918463,0.0115172134237959,116411.04142857142,115904.366,-5373.639999999999,2060.490000000005,0.0183079238020602
2025-08-03,2025-08-03,112546.35,114799.97,111920.0,114208.8,7397.76046,0.0147712475793306,0.0146632152506765,0.0121112129629304,115667.22,116111.85133333334,-5206.75,2879.970000000001,0.025216708344716
2025-08-04,2025-08-04,114208.81,115720.0,114107.6,115055.03,9667.67916,0.0074094990928894,0.0073821836009087,0.0128581573121354,115237.60714285714,116340.415,-3007.290000000008,1612.3999999999942,0.0140141634833348
2025-08-05,2025-08-05,115055.03,115127.81,112650.0,114129.75,12042.79078,-0.0080420647406723,-0.0080745765687901,0.0128929281155604,114691.74857142856,116504.612,-3821.0099999999934,2477.8099999999977,0.0217104655008882
2025-08-06,2025-08-06,114129.75,115716.0,113355.13,114992.27,9761.15318,0.0075573634394188,0.0075289496341813,0.0136736493371736,114284.88714285714,116728.923,-2848.029999999999,2360.869999999996,0.0205306843668708
2025-08-07,2025-08-07,114992.27,117621.0,114259.0,117472.01,13468.56263,0.0215644060248569,0.0213351837283328,0.01485592823074,114528.87714285712,117013.89066666667,1707.929999999993,3362.0,0.0286195835075947
2025-08-08,2025-08-08,117472.02,117630.0,115878.71,116674.74,10045.31278,-0.0067868933203747,-0.0068100290199484,0.0117101606494006,115011.27857142856,117195.249,3376.810000000012,1751.2899999999936,0.0150100184495803
2025-08-09,2025-08-09,116674.74,117944.05,116299.13,116462.25,9514.13144,-0.0018212168289383,-0.0018228772606176,0.0110885876698189,115570.69285714289,117210.324,3915.899999999994,1644.9199999999985,0.0141240616594647
2025-08-10,2025-08-10,116462.25,119311.11,116460.63,119294.01,14322.77073,0.0243148316299917,0.0240239321270641,0.0129309876335133,116297.15142857142,117269.20233333332,5085.209999999992,2850.479999999996,0.0238945777746929
2025-08-11,2025-08-11,119294.27,122335.16,118050.11,118686.0,26494.33429,-0.0050967353683558,-0.0051097680255928,0.0136009576687753,116815.8614285714,117311.40233333336,3630.970000000001,4285.050000000003,0.0361040897831252
2025-08-12,2025-08-12,118686.0,120324.43,118207.47,120134.08,16720.10893,0.0122009335557691,0.0121271021010796,0.0125981500951714,117673.62285714284,117346.317,6004.330000000002,2116.959999999992,0.0176216440830111
2025-08-13,2025-08-13,120134.09,123667.79,118920.92,123306.43,23210.07102,0.0264067448637388,0.0260641056770228,0.0145031046903502,118861.36,117461.82533333333,8314.159999999989,4746.869999999995,0.0384965325814719
2025-08-14,2025-08-14,123306.44,124474.0,117180.0,118295.09,27980.947586,-0.0406413517932519,-0.0414902925662938,0.0229272666576578,118978.94285714289,117479.72533333334,823.0800000000017,7294.0,0.0616593638839955
2025-08-15,2025-08-15,118295.09,119216.82,116803.99,117342.05,13623.33874,-0.0080564628675627,-0.0080890915304361,0.0230060958399753,119074.27285714286,117436.77933333332,667.3099999999977,2412.8300000000017,0.0205623644720711
2025-08-16,2025-08-16,117342.04,117898.99,117143.98,117380.66,6393.68117,0.0003290380558376,0.0003289839346881,0.0229758011695655,119205.47428571428,117376.88266666669,918.4100000000036,755.0100000000093,0.0064321498959028
2025-08-17,2025-08-17,117380.66,118575.0,117172.21,117405.01,5898.64192,0.0002074447357851,0.0002074232221011,0.020648934797305,118935.61714285715,117359.555,-1889.0,1402.7899999999936,0.0119482976067204
2025-08-18,2025-08-18,117405.01,117543.75,114640.14,116227.05,17745.93954,-0.0100333026674074,-0.0100839754772945,0.0208519243982608,118584.33857142855,117305.79,-2458.949999999997,2903.6100000000006,0.0249822222967889
2025-08-19,2025-08-19,116227.05,116725.69,112732.58,112872.94,18065.47424,-0.0288582563181289,-0.0292828443291047,0.0216876981915792,117547.03285714284,117159.384,-7261.139999999999,3993.1100000000006,0.0353770354524299
2025-08-20,2025-08-20,112872.95,114615.38,112380.0,114271.24,15636.34194,0.0123882659563931,0.0123121592980693,0.0182907614891108,116256.29142857144,117055.74666666666,-9035.189999999988,2235.3800000000047,0.0195620525339534
2025-08-21,2025-08-21,114271.23,114821.76,112015.67,112500.0,10839.69235,-0.015500313114656,-0.0156216989473507,0.0131775281141767,115428.42142857144,116807.266,-5795.0899999999965,2806.0899999999965,0.0249430222222221
2025-08-22,2025-08-22,112500.0,117429.05,111684.79,116935.99,23128.09037,0.0394310222222222,0.0386734694256492,0.0219148333672053,115370.41285714286,116746.59933333332,-406.0599999999977,5744.260000000009,0.049123114278162
2025-08-23,2025-08-23,116936.0,117030.0,114560.0,115438.05,11329.36197,-0.0128099142103299,-0.01289266863907,0.022409967817274,115092.89714285715,116649.83466666666,-1942.6100000000008,2470.0,0.0213967578281164
2025-08-24,2025-08-24,115438.06,115666.68,110680.0,113493.59,21175.98462,-0.0168441861240726,-0.0169876628753381,0.0230269964211168,114534.12285714284,116512.47733333334,-3911.4199999999983,4986.679999999993,0.0439379880396768
2025-08-25,2025-08-25,113493.59,113667.28,109274.1,110111.98,25182.79379,-0.0297956034345199,-0.0302485115739085,0.0249359503629581,113660.54142857144,116252.21033333334,-6115.070000000007,4393.179999999993,0.0398973844626169
2025-08-26,2025-08-26,110111.98,112371.0,108666.66,111763.22,18452.43877,0.0149960067923582,0.0148846782912907,0.0241507752800015,113502.01,115997.13266666669,-1109.7200000000012,3704.339999999997,0.0331445353847177
2025-08-27,2025-08-27,111763.22,112625.0,110345.42,111262.01,13392.60875,-0.0044845701474958,-0.0044946559972962,0.0234034028625229,113072.12,115770.45566666668,-3009.2300000000105,2279.5800000000017,0.0204883949157488
2025-08-28,2025-08-28,111262.01,113485.9,110862.42,112566.9,11104.27744,0.011728082208833,0.0116598412911834,0.023353225754563,113081.67714285714,115590.99366666666,66.89999999999418,2623.479999999996,0.0233059629429254
2025-08-29,2025-08-29,112566.9,112638.64,107463.9,108377.4,22580.31045,-0.0372178677746299,-0.0379281313827635,0.0196296779080953,111859.02142857145,115275.56366666668,-8558.590000000011,5174.740000000005,0.0477474085925664
2025-08-30,2025-08-30,108377.4,108926.15,107350.1,108816.33,10708.39159,0.0040500141173345,0.0040418348867215,0.0203395145392734,110913.06142857144,115043.972,-6621.720000000001,1576.0499999999884,0.0144835798082878
2025-08-31,2025-08-31,108816.33,109480.02,108076.93,108246.35,9489.51596,-0.0052380005831844,-0.0052517670016201,0.0199897504694971,110163.45571428572,114875.586,-5247.239999999991,1403.090000000011,0.012962007494941
2025-09-01,2025-09-01,108246.36,109912.4,107255.0,109237.42,16053.60219,0.0091556897761448,0.0091140305348327,0.0177405082388544,110038.51857142858,114765.28833333332,-874.5599999999977,2657.399999999994,0.0243268286636575
2025-09-02,2025-09-02,109237.43,111771.52,108393.39,111240.01,18510.28756,0.018332454208457,0.0181664406573254,0.0182786087510369,109963.77428571427,114666.32866666668,-523.2100000000064,3378.1300000000047,0.0303679404559564
2025-09-03,2025-09-03,111240.01,112575.27,110528.71,111705.71,11773.72084,0.0041864433489353,0.0041777045760736,0.01825934381119,110027.16,114554.68466666668,443.7000000000117,2046.5599999999977,0.0183209971988002
2025-09-04,2025-09-04,111705.72,112180.0,109329.12,110730.87,12203.13536,-0.0087268591730897,-0.0087651612090672,0.0178347162404194,109764.87,114441.38866666668,-1836.0299999999988,2850.8800000000047,0.0257460272821843
2025-09-05,2025-09-05,110730.87,113384.62,110206.96,110659.99,21587.40888,-0.0006401105671796,-0.0006403155254173,0.0090748653455711,110090.95428571428,114296.97933333337,2282.590000000011,3177.659999999989,0.0287155276265612
2025-09-06,2025-09-06,110660.0,111307.7,109977.0,110187.97,5000.29897,-0.0042654983070213,-0.00427462149747,0.0094534825997551,110286.90285714286,114054.178,1371.6399999999994,1330.699999999997,0.0120766359521824
2025-09-07,2025-09-07,110187.98,111600.0,110180.0,111137.34,5681.29944,0.0086159133342778,0.0085790081825398,0.0091733905257183,110699.90142857144,113869.598,2890.9899999999907,1420.0,0.0127769838651887
2025-09-08,2025-09-08,111137.35,112924.37,110621.78,112065.23,11582.40211,0.0083490391258238,0.0083143786859431,0.0090997923625298,111103.87428571428,113723.03066666666,2827.8099999999977,2302.5899999999965,0.0205468725669861
2025-09-09,2025-09-09,112065.23,113293.29,110766.66,111546.39,15379.28248,-0.0046298035528057,-0.0046405542886385,0.0067881227158527,111147.64285714286,113464.77666666666,306.38000000000466,2526.62999999999,0.0226509347366597
2025-09-10,2025-09-10,111546.38,114313.13,110917.45,113960.0,17517.41823,0.0216377239998533,0.021406951444263,0.0105611260818712,111469.68428571428,113307.24333333332,2254.2899999999936,3395.680000000008,0.0297971217971218
2025-09-11,2025-09-11,113960.0,115488.09,113430.0,115482.69,13676.73119,0.013361618111618,0.0132731389706203,0.0097769353649576,112148.5157142857,113152.197,4751.820000000007,2058.0899999999965,0.0178216319692587
2025-09-12,2025-09-12,115482.69,116665.63,114740.99,116029.42,15324.10719,0.004734302604139,0.0047231310394015,0.0093653333524794,112915.57714285716,112909.63000000002,5369.429999999993,1924.64,0.016587517200379
2025-09-13,2025-09-13,116029.41,116298.78,115127.27,115918.29,8269.40394,-0.0009577743299932,-0.0009582332889029,0.0087772384618043,113734.19428571429,112830.40333333332,5730.319999999992,1171.5099999999948,0.0101063430110985
2025-09-14,2025-09-14,115918.29,116165.19,115135.0,115268.01,6707.60197,-0.0056098136023228,-0.0056256077023168,0.0099858712738106,114324.29,112761.26866666669,4130.669999999998,1030.1900000000023,0.0089373452356816
2025-09-15,2025-09-15,115268.01,116757.99,114384.0,115349.71,13212.51149,0.0007087829485388,0.0007085318805328,0.0100106661423633,114793.50142857144,112693.57033333332,3284.4800000000105,2373.990000000005,0.0205808059682161
2025-09-16,2025-09-16,115349.71,116964.27,114737.11,116788.96,10926.9094,0.0124772745419126,0.0124000748497902,0.0095810441257292,115542.44,112673.03533333332,5242.570000000007,2227.1600000000035,0.019069953187356
2025-09-17,2025-09-17,116788.96,117286.73,114720.81,116447.59,16754.2454,-0.0029229646363835,-0.0029272448401405,0.0074187177970232,115897.80999999998,112680.38666666666,2487.5899999999965,2565.9199999999983,0.022034977280337
2025-09-18,2025-09-18,116447.6,117900.0,116092.76,117073.53,11657.23365,0.0053752937265596,0.0053608983982732,0.0060717568590068,116125.07285714286,112820.40633333332,1590.8399999999965,1807.2400000000048,0.0154367942950042
2025-09-19,2025-09-19,117073.53,117459.99,115100.0,115632.38,8992.09065,-0.0123097851410134,-0.0123861781142075,0.0079166669085042,116068.35285714285,112865.77766666668,-397.0399999999936,2359.990000000005,0.020409421651617
2025-09-20,2025-09-20,115632.39,116121.81,115408.47,115685.63,4674.92752,0.0004605111474831,0.000460405144767,0.0079200334907151,116035.11571428573,112971.96533333333,-232.6599999999889,713.3399999999965,0.0061661936750484
2025-09-21,2025-09-21,115685.63,115819.06,115188.0,115232.29,4511.52219,-0.0039187235268547,-0.003926421842189,0.0077536994732945,116030.01285714286,112915.17533333332,-35.720000000001164,631.0599999999977,0.0054764163760001
2025-09-22,2025-09-22,115232.29,115379.25,111800.0,112650.99,20781.71356,-0.022400839209218,-0.0226555490034091,0.0114372567307252,115644.48142857142,112822.27333333336,-2698.720000000001,3579.25,0.0317729120711677
2025-09-23,2025-09-23,112650.99,113290.5,111458.73,111998.8,12301.3203,-0.0057894741981406,-0.0058062981699451,0.0090714363213628,114960.17285714288,112772.447,-4790.160000000004,1831.770000000004,0.0163552645206913
2025-09-24,2025-09-24,111998.8,113940.0,111042.66,113307.0,12369.25967,0.0116804822908815,0.0116127920508121,0.0112867916324068,114511.51714285716,112878.94766666666,-3140.5899999999965,2897.3399999999965,0.0255707061346606
2025-09-25,2025-09-25,113307.01,113510.23,108631.51,108994.49,21231.14957,-0.0380604022699391,-0.0388036185100834,0.016230946830392,113357.36857142858,112786.65666666668,-8079.039999999994,4878.720000000001,0.0447611617798294
2025-09-26,2025-09-26,108994.49,110300.0,108620.07,109643.46,14243.01591,0.0059541541962351,0.0059364982695478,0.0172432288635504,112501.80857142856,112732.705,-5988.919999999998,1679.929999999993,0.0153217528888635
2025-09-27,2025-09-27,109643.46,109743.91,109064.4,109635.85,5501.78643,-6.940678449951498e-05,-6.94091932618392e-05,0.0172038850551371,111637.55428571429,112635.00333333334,-6049.779999999999,679.5100000000093,0.0061978814411527
2025-09-28,2025-09-28,109635.85,112350.0,109189.99,112163.95,7542.3316,0.0230590632534886,0.0227972206435223,0.0207914423248118,111199.22,112761.22166666666,-3068.3399999999965,3160.0099999999948,0.0281731340595618
2025-09-29,2025-09-29,112163.96,114400.0,111560.65,114311.96,15541.12005,0.0191506272737365,0.0189695620345703,0.0204786067945391,111436.50142857144,112944.40933333331,1660.9700000000012,2839.350000000006,0.0248386083136008
2025-09-30,2025-09-30,114311.97,114792.0,112656.27,114048.93,15044.15633,-0.0023009840790063,-0.0023036354107678,0.0202912351809371,111729.37714285716,113137.82866666668,2050.12999999999,2135.729999999996,0.0187264361007156
2025-10-01,2025-10-01,114048.94,118649.1,113966.67,118594.99,20036.39516,0.039860610704546,0.0390866760019979,0.024674841823461,112484.80428571429,113449.74766666666,5287.990000000005,4682.430000000008,0.0394825278875609
2025-10-02,2025-10-02,118594.99,121022.07,118279.31,120529.35,19670.83503,0.0163106384173563,0.0161790488991379,0.0147697110970505,114132.64142857144,113759.39233333334,11534.86,2742.7600000000093,0.0227559511438501
2025-10-03,2025-10-03,120529.35,123894.99,119248.3,122232.0,23936.328,0.0141264347646443,0.0140275865129558,0.0142907215359771,115931.00428571428,114110.26866666669,12588.539999999994,4646.690000000002,0.0380153315007526
2025-10-04,2025-10-04,122232.21,122800.0,121510.0,122391.0,8208.16678,0.0013008050265068,0.0012999597126279,0.0140454617207944,117753.16857142858,114498.93966666666,12755.149999999994,1290.0,0.0105399906855896
2025-10-05,2025-10-05,122390.99,125708.42,122136.0,123482.31,22043.097553,0.0089165870039462,0.0088770689789275,0.0138650054155171,119370.07714285716,114926.35033333332,11318.36,3572.4199999999983,0.0289306217222531
2025-10-06,2025-10-06,123482.32,126199.63,123084.0,124658.54,19494.628793,0.0095254939756148,0.0094804125139022,0.0137352387776436,120848.16,115408.70266666666,10346.579999999987,3115.6300000000047,0.0249933137352643
2025-10-07,2025-10-07,124658.54,125126.0,120574.94,121332.95,21633.99385,-0.0266775946517583,-0.0270398998328903,0.0198516821452209,121888.73428571426,115748.55633333334,7284.020000000004,4551.059999999998,0.0375088547669862
2025-10-08,2025-10-08,121332.96,124197.25,121066.14,123306.0,17012.618,0.0162614524743691,0.0161306511638574,0.0152084103234246,122561.7357142857,116123.24866666668,4711.009999999995,3131.1100000000006,0.0253930060175498
2025-10-09,2025-10-09,123306.01,123762.94,119651.47,121662.4,21559.36007,-0.0133294405787228,-0.0134190749805211,0.0158674207760576,122723.6,116460.449,1133.0499999999884,4111.470000000001,0.0337940892173753
2025-10-10,2025-10-10,121662.41,122550.0,102000.0,112774.5,64171.93927,-0.0730537947632136,-0.075859746128425,0.0311296996243997,121372.52857142856,116420.93233333336,-9457.5,20550.0,0.1822220448771663
2025-10-11,2025-10-11,112774.49,113322.39,109561.59,110644.4,35448.51652,-0.0188881351724016,-0.0190687944931956,0.0307319285407777,119694.44285714286,116259.656,-11746.600000000006,3760.800000000003,0.0339899714761886
2025-10-12,2025-10-12,110644.4,115770.0,109565.06,114958.8,32255.30272,0.0389933878262254,0.0382523481182313,0.0360881396368753,118476.7985714286,116223.96866666664,-8523.509999999995,6204.940000000002,0.0539753372512587
2025-10-13,2025-10-13,114958.81,115963.81,113616.5,115166.0,22557.24033,0.0018023848543999,0.0018007625079209,0.0355197154128602,117120.72142857144,116198.89233333334,-9492.539999999994,2347.3099999999977,0.0203819703732004
2025-10-14,2025-10-14,115166.0,115409.96,109866.0,113028.14,31870.32974,-0.0185632912491533,-0.0187377515517996,0.0350405093622994,115934.32,116124.23,-8304.809999999998,5543.960000000006,0.0490493783229557
2025-10-15,2025-10-15,113028.13,113612.35,110164.0,110763.28,22986.48811,-0.0200380188508808,-0.0202415028158518,0.0332247595134723,114142.50285714286,115971.349,-12542.72,3448.350000000006,0.0311326100129935
2025-10-16,2025-10-16,110763.28,111982.45,107427.0,108194.28,29857.17252,-0.0231936071232271,-0.0234668114929177,0.0333645819124803,112218.48571428572,115684.85966666669,-13468.119999999995,4555.449999999997,0.042104351542429
2025-10-17,2025-10-17,108194.27,109240.0,103528.23,106431.68,37920.66838,-0.0162910645553536,-0.0164252229988888,0.0222826414528052,111312.36857142858,115350.996,-6342.820000000007,5711.770000000004,0.0536660701024357
2025-10-18,2025-10-18,106431.68,107499.0,106322.2,107185.01,11123.18766,0.007078061719969,0.0070531298183406,0.0223341881281954,110818.17,115021.37866666666,-3459.3899999999994,1176.800000000003,0.0109791471773898
2025-10-19,2025-10-19,107185.0,109450.07,106103.36,108642.78,15480.66423,0.0136005025329568,0.0135088458148793,0.0149781985281229,109915.88142857142,114788.392,-6316.020000000004,3346.7100000000064,0.0308047161532501
2025-10-20,2025-10-20,108642.77,111705.56,107402.52,110532.09,19193.4416,0.0173901109673371,0.0172406334529956,0.0175981983117663,109253.89428571428,114616.60733333332,-4633.910000000004,4303.039999999994,0.0389302328400738
2025-10-21,2025-10-21,110532.09,114000.0,107473.72,108297.67,37228.01659,-0.0202151248565009,-0.0204222465741934,0.017808981508289,108578.11285714284,114385.45333333334,-4730.470000000001,6526.279999999999,0.0602624230050378
2025-10-22,2025-10-22,108297.66,109163.88,106666.69,107567.44,28610.78451,-0.0067428043465754,-0.0067656397595052,0.0167328822275001,108121.56428571428,114216.00166666666,-3195.8399999999965,2497.1900000000023,0.0232151104460606
2025-10-23,2025-10-23,107567.45,111293.61,107500.0,110078.18,17573.09294,0.0233410779321325,0.0230728409142147,0.017101139359187,108390.69285714286,114151.981,1883.8999999999944,3793.6100000000006,0.0344628699348045
2025-10-24,2025-10-24,110078.19,112104.98,109700.01,111004.89,15005.16913,0.0084186529973515,0.0083834137779145,0.0149706988065659,109044.00857142857,114075.244,4573.210000000006,2404.970000000001,0.0216654419458458
2025-10-25,2025-10-25,111004.9,111943.19,110672.86,111646.27,6407.96864,0.005777943656356,0.0057613153607323,0.0149649585445224,109681.33142857144,114163.63666666666,4461.260000000009,1270.3300000000015,0.0113781678510173
2025-10-26,2025-10-26,111646.27,115466.8,111260.45,114559.4,13454.47737,0.0260924973131657,0.0257578960116831,0.0166777362432131,110526.56285714284,114327.50133333332,5916.619999999995,4206.350000000006,0.0367176329484966
2025-10-27,2025-10-27,114559.41,116400.0,113830.01,114107.65,21450.23241,-0.0039433691168074,-0.0039511646974532,0.0165656468560718,111037.35714285714,114476.56133333332,3575.5599999999977,2569.990000000005,0.0225225039688399
2025-10-28,2025-10-28,114107.65,116086.0,112211.0,112898.45,15523.42257,-0.0105970108051475,-0.0106535589733105,0.0144165058358131,111694.61142857144,114501.04466666668,4600.779999999999,3875.0,0.0343228804292707
2025-10-29,2025-10-29,112898.44,113643.73,109200.0,110021.29,21079.71376,-0.0254844951370014,-0.025814849578232,0.018382906654967,112045.16142857145,114358.02233333333,2453.849999999992,4443.729999999996,0.0403897282062407
2025-10-30,2025-10-30,110021.3,111592.0,106304.34,108322.88,25988.82838,-0.0154371031279489,-0.0155574958212031,0.0171648825184107,111794.40428571428,114167.154,-1755.2999999999884,5287.660000000004,0.0488138793946394
2025-10-31,2025-10-31,108322.87,111190.0,108275.28,109608.01,21518.20439,0.0118638832350099,0.0117940590867665,0.0175637740385665,111594.85,113867.588,-1396.8800000000049,2914.720000000001,0.0265922171198984
2025-11-01,2025-11-01,109608.01,110564.49,109394.81,110098.1,7378.50431,0.00447129730756,0.0044613307556547,0.0174780941847432,111373.68285714283,113519.87966666667,-1548.1699999999985,1169.6800000000076,0.010623979887028
2025-11-02,2025-11-02,110098.1,111250.01,109471.34,110540.68,12107.00087,0.0040198695526987,0.0040118114648444,0.0130156515096482,110799.58,113130.169,-4018.720000000001,1778.6699999999985,0.016090637401543
2025-11-03,2025-11-03,110540.69,110750.0,105306.56,106583.04,28681.18779,-0.0358025660779361,-0.0364591983685811,0.0174076141503608,109724.6357142857,112603.237,-7524.610000000001,5443.440000000002,0.0510722906758899
2025-11-04,2025-11-04,106583.05,107299.0,98944.36,101497.22,50534.87376,-0.0477169726065234,-0.0488929906927473,0.0226410339460791,108095.88857142856,111870.40066666668,-11401.229999999996,8354.64,0.0823139786488733
2025-11-05,2025-11-05,101497.23,104534.74,98966.8,103885.16,33778.77571,0.023527146851904,0.023254649315978,0.026122002488238,107219.2985714286,111177.95466666669,-6136.12999999999,5567.940000000002,0.0535970681471733
2025-11-06,2025-11-06,103885.16,104200.0,100300.95,101346.04,25814.62139,-0.024441604556416,-0.0247452586464772,0.0267705314483238,106222.60714285714,110511.72433333332,-6976.840000000011,3899.050000000003,0.0384726428383388
2025-11-07,2025-11-07,101346.04,104096.36,99260.86,103339.08,32059.50942,0.0196656919204738,0.0194748205542768,0.0279287725008139,105327.04571428572,109846.16033333332,-6268.929999999993,4835.5,0.0467925590202661
2025-11-08,2025-11-08,103339.09,103406.22,101454.0,102312.94,12390.77985,-0.0099298348698285,-0.0099794644960753,0.0273785840214774,104214.88,109201.17833333332,-7785.1600000000035,1952.2200000000007,0.0190808709045014
2025-11-09,2025-11-09,102312.95,105495.62,101400.0,104722.96,16338.97096,0.0235553782346593,0.0232822313820756,0.0299337997768446,103383.77714285711,108932.79366666666,-5817.719999999987,4095.6199999999953,0.0391090931730729
2025-11-10,2025-11-10,104722.95,106670.11,104265.02,106011.13,22682.25673,0.0123007409263451,0.0122257015459849,0.0277429075708928,103302.0757142857,108778.35133333334,-571.9099999999889,2405.0899999999965,0.0226871461515408
2025-11-11,2025-11-11,106011.13,107500.0,102476.09,103058.99,24196.50718,-0.0278474533758861,-0.0282425458643332,0.0226474429035343,103525.18571428572,108381.691,1561.770000000004,5023.910000000004,0.0487479064174799
2025-11-12,2025-11-12,103059.0,105333.33,100813.59,101654.37,20457.63906,-0.0136292816376331,-0.0137230129311303,0.0211782598213856,103206.50142857144,107931.30333333332,-2230.790000000008,4519.740000000005,0.0444618367119879
2025-11-13,2025-11-13,101654.37,104085.01,98000.4,99692.02,36198.50771,-0.0193041381300183,-0.0194928961604392,0.0203815085470983,102970.21285714286,107486.766,-1654.0199999999895,6084.610000000001,0.061034072737216
2025-11-14,2025-11-14,99692.03,99866.02,94012.45,94594.0,47288.14481,-0.0511376938695795,-0.0524915845448105,0.0248238304183897,101720.9157142857,106947.79,-8745.080000000002,5853.570000000007,0.0618809861090556
2025-11-15,2025-11-15,94594.0,96846.68,94558.49,95596.24,15110.89391,0.0105951751696724,0.0105394396407166,0.0263156883719271,100761.38714285714,106527.85533333334,-6716.699999999997,2288.189999999988,0.023935983256245
2025-11-16,2025-11-16,95596.23,96635.11,93005.55,94261.44,23889.4051,-0.0139628922643819,-0.0140612904673639,0.0219557652656785,99266.88428571427,106122.18066666668,-10461.520000000004,3629.5599999999977,0.0385052466841159
2025-11-17,2025-11-17,94261.45,96043.0,91220.0,92215.14,39218.59806,-0.0217087708399108,-0.0219478729477921,0.0184677653180682,97296.0285714286,105623.185,-13795.990000000003,4823.0,0.0523016068727976
2025-11-18,2025-11-18,92215.14,93836.01,89253.78,92960.83,39835.14769,0.0080864161785148,0.0080538963103698,0.0206490511151029,95853.43428571428,105100.45333333332,-10098.160000000003,4582.229999999996,0.0492920512865472
2025-11-19,2025-11-19,92960.83,92980.22,88608.0,91554.96,32286.6376,-0.0151232513737237,-0.0152387739374434,0.0206470281215824,94410.66142857145,104467.88233333331,-10099.409999999987,4372.220000000001,0.0477551407373232
2025-11-20,2025-11-20,91554.96,93160.0,86100.0,86637.23,39733.19073,-0.053713419786323,-0.055209816891895,0.025471863685449,92545.69142857144,103745.86766666666,-13054.790000000008,7060.0,0.0814892165873724
2025-11-21,2025-11-21,86637.22,87498.94,80600.0,85129.43,72256.12679,-0.0174036035085609,-0.0175568265742415,0.0213629460861675,91193.61,102997.934,-9464.570000000009,6898.940000000002,0.0810405990031884
2025-11-22,2025-11-22,85129.42,85620.0,83500.0,84739.74,14193.93263,-0.0045776178696367,-0.0045881272465222,0.0190024111738241,89642.68142857144,102153.31933333332,-10856.5,2120.0,0.0250177779634443
2025-11-23,2025-11-23,84739.75,88127.64,84667.57,86830.0,19734.46418,0.0246668210216363,0.0243675070874857,0.0247443020284937,88581.04714285713,101347.48966666668,-7431.440000000002,3460.0699999999924,0.0398487849821489
2025-11-24,2025-11-24,86830.0,89228.0,85272.0,88300.01,24663.12795,0.0169297477830241,0.016788036787637,0.0263198813979905,88021.74285714285,100569.281,-3915.1300000000047,3956.0,0.0448018069307126
2025-11-25,2025-11-25,88300.01,88519.99,86116.0,87369.96,19567.0411,-0.010532841389259,-0.0105887043733438,0.02560473045192,87223.04714285715,99662.96633333332,-5590.869999999995,2403.990000000005,0.0275150635298448
2025-11-26,2025-11-26,87369.97,90656.08,86306.77,90484.02,21675.82239,0.0356422276031715,0.0350217440422705,0.0302043227233375,87070.05571428571,98875.512,-1070.9400000000023,4349.309999999998,0.0480671614722687
2025-11-27,2025-11-27,90484.01,91950.0,90089.91,91333.95,16833.50932,0.0093931503043298,0.0093493089928668,0.0194510352508399,87741.0157142857,98156.69533333337,4696.720000000001,1860.0899999999965,0.0203658113987186
2025-11-28,2025-11-28,91333.94,93092.0,90180.63,90890.7,18830.86012,-0.0048530694227064,-0.0048648838036232,0.0171957441523017,88564.05428571429,97519.009,5761.270000000004,2911.369999999996,0.0320315499825614
2025-11-29,2025-11-29,90890.71,91165.65,90155.47,90802.44,7429.88291,-0.0009710564447187,-0.00097152822547,0.0167510878779616,89430.15428571428,96934.99433333332,6062.699999999997,1010.179999999993,0.0111250314418862
2025-11-30,2025-11-30,90802.44,92000.01,90336.9,90360.0,9687.74175,-0.0048725562881349,-0.0048844658930887,0.01616239563187,89934.43999999999,96293.394,3530.0,1663.1100000000006,0.0184053784860557
2025-12-01,2025-12-01,90360.01,90417.0,83822.76,86286.01,34509.01227,-0.0450862107127048,-0.0461342155738557,0.0241034246422679,89646.72571428571,95499.65766666668,-2014.0,6594.240000000005,0.0764230493448475
2025-12-02,2025-12-02,86286.01,92307.65,86184.39,91277.88,28210.22732,0.0578525997435739,0.0562410040171468,0.0328368244715952,90205.0,94857.56433333334,3907.9199999999983,6123.259999999995,0.0670837228033779
2025-12-03,2025-12-03,91277.88,94150.0,90990.23,93429.95,25712.52585,0.0235771251479546,0.0233034776016145,0.0313492125977104,90625.84714285714,94419.128,2945.929999999993,3159.770000000004,0.0338196691746062
2025-12-04,2025-12-04,93429.95,94080.0,90889.0,92078.06,19803.94059,-0.0144695571387976,-0.0145752620889966,0.032081480359576,90732.14857142858,94105.156,744.1100000000006,3191.0,0.0346553782736082
2025-12-05,2025-12-05,92078.06,92692.36,88056.0,89330.04,19792.97218,-0.0298444602329805,-0.030298870064162,0.0342370505196817,90509.19714285714,93619.98533333332,-1560.6600000000035,4636.360000000001,0.0519014656211953
2025-12-06,2025-12-06,89330.04,90289.97,88908.01,89236.79,8409.50016,-0.0010438817669845,-0.0010444269910222,0.0342367062206772,90285.53285714284,93216.34366666664,-1565.6500000000087,1381.9600000000064,0.0154864378245789
2025-12-07,2025-12-07,89236.8,91760.0,87719.28,90395.31,13021.11185,0.0129825378075567,0.0128989870207887,0.0346482729939751,90290.57714285716,92784.88466666666,35.30999999999767,4040.720000000001,0.0447005491767216
2025-12-08,2025-12-08,90395.32,92287.15,89612.0,90634.34,15793.63887,0.0026442743544992,0.0026407844119582,0.0282774081578703,90911.76714285716,92395.598,4348.330000000002,2675.149999999994,0.029515854586683
2025-12-09,2025-12-09,90634.35,94588.99,89500.0,92678.8,21240.43014,0.0225572338255015,0.0223065817697799,0.0195914925929058,91111.89857142858,91994.126,1400.9199999999985,5088.990000000005,0.0549099686228134
2025-12-10,2025-12-10,92678.81,94476.0,91563.15,92015.37,18998.68083,-0.0071583792625714,-0.0071841233904618,0.0173561446748759,90909.81571428572,91527.60066666668,-1414.5800000000015,2912.850000000006,0.0316561244061726
2025-12-11,2025-12-11,92015.38,93555.0,89260.63,92513.38,19972.58758,0.0054122479755285,0.0053976543938289,0.016594597065549,90972.00428571428,91176.08033333332,435.320000000007,4294.369999999995,0.0464189071894248
2025-12-12,2025-12-12,92513.38,92754.0,89480.0,90268.42,16679.19169,-0.0242663277463217,-0.024565606595954,0.0149284797319753,91106.05857142856,90796.54866666668,938.3800000000048,3274.0,0.0362696056937741
2025-12-13,2025-12-13,90268.43,90634.55,89766.39,90240.01,5895.70788,-0.0003147280078681,-0.0003147775451217,0.0149095731225219,91249.37571428572,90481.48166666667,1003.2200000000012,868.1600000000035,0.0096205663097777
2025-12-14,2025-12-14,90240.0,90472.4,87577.36,88172.17,9416.94004,-0.0229148910776937,-0.0231815182233915,0.0164713772565471,90931.78428571428,90267.42066666669,-2223.1399999999994,2895.0399999999936,0.0328339429550162
2025-12-15,2025-12-15,88172.16,90052.64,85146.64,86432.08,19778.6919,-0.0197351386497576,-0.0199324771490597,0.0172484519993762,90331.46142857142,89961.94866666666,-4202.259999999995,4906.0,0.0567613321350128
2025-12-16,2025-12-16,86432.08,88175.98,85266.0,87863.42,18456.05017,0.0165602864121747,0.0164246601605556,0.015630070448575,89643.55,89748.68133333333,-4815.380000000005,2909.979999999996,0.0331193572933991
2025-12-17,2025-12-17,87863.43,90365.85,85314.0,86243.22,19834.11729,-0.0184399833286708,-0.0186121192274582,0.0161629556868155,88818.95714285714,89549.61733333333,-5772.149999999994,5051.850000000006,0.0585767785572014
2025-12-18,2025-12-18,86243.23,89477.61,84450.01,85516.41,25405.41763,-0.0084274450791609,-0.0084631567748879,0.0148881225579231,87819.39,89301.47,-6996.970000000001,5027.600000000006,0.0587910554243332
2025-12-19,2025-12-19,85516.41,89399.97,85110.24,88136.94,21256.65004,0.030643592264923,0.0301834539651766,0.0202725019789184,87514.89285714286,89187.53600000001,-2131.479999999996,4289.729999999996,0.048671192805196
2025-12-20,2025-12-20,88136.95,88573.07,87795.76,88360.9,5123.13194,0.0025410457862502,0.0025378227881089,0.0203695117429463,87246.44857142857,89244.99166666667,-1879.1100000000008,777.3100000000122,0.0087969905240894
2025-12-21,2025-12-21,88360.91,89081.77,87600.04,88658.86,7132.87258,0.0033720797320988,0.0033664070202197,0.0183737522284718,87315.97571428571,89362.63933333334,486.6900000000023,1481.7300000000105,0.0167127120741233
2025-12-22,2025-12-22,88658.87,90588.23,87900.0,88620.79,14673.2197,-0.0004293987087135,-0.0004294909267388,0.0160577065958373,87628.64857142858,89492.00766666667,2188.709999999992,2688.229999999996,0.0303340784933196
2025-12-23,2025-12-23,88620.79,88940.0,86601.9,87486.0,13910.32904,-0.0128050088472466,-0.0128876996356668,0.0159701264025035,87574.73142857142,89513.87433333333,-377.4199999999983,2338.100000000006,0.0267254189241707
2025-12-24,2025-12-24,87486.0,88049.89,86420.0,87669.45,9140.8432,0.0020969069336806,0.0020947114928907,0.0138755378670715,87778.47857142857,89492.85566666667,1426.229999999996,1629.8899999999994,0.0185913108842361
2025-12-25,2025-12-25,87669.44,88592.74,86934.72,87225.27,7096.58235,-0.0050665311576608,-0.0050794095442267,0.0134901260089936,88022.60142857142,89488.03266666667,1708.8600000000006,1658.020000000004,0.0190084822895934
2025-12-26,2025-12-26,87225.27,89440.0,86891.7,89281.19,2621.92217,0.0235702337178205,0.0232967448863517,0.0111236357892032,88186.06571428571,89447.93833333332,1144.25,2548.300000000003,0.0285424063008121
2025-12-27,2025-12-27,87369.56,87984.0,87253.05,87877.01,4469.55156,-0.0157276129496034,-0.0158526041282668,0.0129418432227373,88116.93857142856,89332.707,-483.8899999999994,730.9499999999971,0.0083178751757711
2025-12-28,2025-12-28,87877.0,88088.75,87435.0,87952.71,4446.29285,0.0008614312207482,0.0008610604018155,0.0128441913645932,88016.06000000001,89234.774,-706.1499999999942,653.75,0.0074329716503334
2025-12-29,2025-12-29,87952.71,90406.08,86806.5,87237.13,19894.98575,-0.0081359630646969,-0.0081692406318066,0.0131075713036555,87818.39428571428,89115.93033333334,-1383.659999999989,3599.5800000000017,0.041262017675272
2025-12-30,2025-12-30,87237.13,89400.0,86845.66,88485.49,13105.91001,0.0143099618247413,0.0142085407306048,0.0134439130532505,87961.17857142857,89053.44666666668,999.4900000000052,2554.3399999999965,0.0288673318077347
2025-12-31,2025-12-31,88485.5,89200.0,87250.0,87648.22,11558.62047,-0.0094622293440427,-0.0095072806518879,0.0140819671081083,87958.14571428571,89098.85366666666,-21.229999999995925,1950.0,0.0222480273986168
2026-01-01,2026-01-01,87648.21,88919.45,87550.43,88839.04,6279.57133,0.0135863569163183,0.013494889906895,0.014703538784727,88188.68428571429,89017.559,1613.7699999999895,1369.020000000004,0.01541011699361
2026-01-02,2026-01-02,88839.05,90961.81,88379.88,89995.13,17396.97301,0.0130133103644525,0.0129293647305218,0.0125986043924088,88290.67571428572,88903.06499999999,713.9400000000023,2581.929999999993,0.0286896635406826
2026-01-03,2026-01-03,89995.14,90741.16,89314.01,90628.01,7057.46716,0.0070323805299241,0.0070077686612814,0.0102104914989576,88683.67571428572,88854.73,2751.0,1427.1500000000087,0.0157473390401048
2026-01-04,2026-01-04,90628.01,91810.0,90628.0,91529.73,10426.5297,0.0099496833263799,0.0099005111234531,0.0102546784038498,89194.67857142857,88928.053,3577.019999999989,1182.0,0.0129138368484207
2026-01-05,2026-01-05,91529.74,94789.08,91514.81,93859.71,20673.59584,0.0254559911845038,0.0251373831135929,0.0105264462029118,90140.76142857142,89082.15033333334,6622.580000000002,3274.270000000004,0.0348847231682263
2026-01-06,2026-01-06,93859.71,94444.44,91262.94,93747.97,18546.41829,0.0,0.0,0.0,93747.97,93747.97,0.0,3181.5,0.0339367348434318
2026-01-07,2026-01-07,93747.97,93747.97,90675.52,91364.16,14276.49025,0.0,0.0,0.0,91364.16,91364.16,0.0,3072.449999999997,0.0336286132330226
2026-01-08,2026-01-08,91364.16,91687.99,89311.0,91099.99,16132.79117,-0.0028913963637382,-0.0028955845252425,0.0,91232.075,91232.075,0.0,2376.990000000005,0.0260920994612623
2026-01-09,2026-01-09,91100.0,92082.55,89694.66,90641.28,15590.27939,-0.0050352365571061,-0.0050479560758538,0.0015159239385107,91035.14333333333,91035.14333333333,0.0,2387.8899999999994,0.0263443984904008
2026-01-10,2026-01-10,90641.27,90832.0,90404.0,90504.7,3104.11722,-0.0015068189681346,-0.0015079553615388,0.0017777718273764,90902.5325,90902.5325,0.0,428.0,0.0047290361716021
2026-01-11,2026-01-11,90504.7,91283.89,90236.0,91013.65,5477.13594,0.0056234648587309,0.0056077122089449,0.0046180313354539,90924.756,90924.756,0.0,1047.8899999999994,0.0115135476931207
2026-01-12,2026-01-12,91013.66,92519.95,90128.44,91296.2,16188.08268,0.0031044793830377,0.003099670437196,0.0043916364993593,90986.66333333332,90986.66333333332,0.0,2391.5099999999948,0.026195066169238
2026-01-13,2026-01-13,91296.2,96495.0,91042.66,95414.0,23021.51482,0.0451037392574937,0.0441161525063742,0.0188841674395916,91619.14,91619.14,0.0,5452.3399999999965,0.0571440249858511
2026-01-14,2026-01-14,95413.99,97924.49,94559.28,96951.78,22851.89428,0.0161169220449828,0.0159884232879441,0.0175508455270545,92417.37142857142,92285.72,5587.619999999995,3365.2100000000064,0.0347101414744526
2026-01-15,2026-01-15,96951.78,97193.34,95134.48,95604.8,21725.81369,-0.0138932982973597,-0.0139907134975526,0.0191737160024627,93060.9157142857,92654.50666666668,4504.809999999998,2058.8600000000006,0.0215351112078054
2026-01-16,2026-01-16,95604.81,95871.47,94293.46,95550.94,11167.7146,-0.0005633608354392,-0.0005635195827788,0.0187733554051788,93762.2957142857,92944.15,4909.660000000004,1578.0099999999948,0.0165148558454788
2026-01-17,2026-01-17,95550.94,95639.45,95021.67,95147.77,4280.80137,-0.0042194247382599,-0.0042283516305704,0.0190217209623265,94425.59142857142,93144.4790909091,4643.070000000007,617.7799999999988,0.0064928479143546
2026-01-18,2026-01-18,95147.77,95531.12,93615.4,93673.14,6895.17819,-0.0154983138333142,-0.0156196681906746,0.0209173607950679,94805.51857142858,93188.53416666666,2659.490000000005,1915.7200000000007,0.0204511133074006
2026-01-19,2026-01-19,93673.14,93673.14,91910.2,92631.0,14295.52747,-0.0111252809503342,-0.0111876297516868,0.0217294179968502,94996.2042857143,93145.64692307691,1334.800000000003,1762.9400000000023,0.0190318575854735
2026-01-20,2026-01-20,92630.99,92870.0,87895.98,88427.66,22007.3261,-0.0453772495169003,-0.0464390422167479,0.0187073674041124,93998.15571428572,92808.64785714286,-6986.3399999999965,4974.020000000004,0.0562495943011497
2026-01-21,2026-01-21,88427.66,90574.0,87263.53,89454.73,20617.50372,0.0116148046889399,0.0115478706304071,0.017683035806754,92927.14857142858,92585.05333333332,-7497.050000000003,3310.470000000001,0.0370072102391902
2026-01-22,2026-01-22,89454.73,90359.99,88515.37,89559.67,10825.50492,0.0011731073359675,0.0011724197832196,0.0182226992757959,92063.55857142856,92395.966875,-6045.130000000005,1844.62000000001,0.020596547530825
2026-01-23,2026-01-23,89559.68,91224.99,88578.36,89600.26,13918.48919,0.0004532173912654,0.0004531147192842,0.0183063223420936,91213.46142857142,92231.51352941176,-5950.680000000008,2646.6300000000047,0.0295381955364862
2026-01-24,2026-01-24,89600.26,89957.39,89162.08,89225.34,4226.56737,-0.0041843628578756,-0.004193141802223,0.0183078521533581,90367.4,92064.5038888889,-5922.430000000008,795.3099999999977,0.0089134992368759
2026-01-25,2026-01-25,89225.34,89319.13,86074.72,86670.36,14426.22019,-0.0286351388518104,-0.029053123136142,0.0197058851466506,89367.00285714286,91780.60157894736,-7002.779999999999,3244.4100000000035,0.0374339047397519
2026-01-26,2026-01-26,86670.36,88860.0,86509.63,88347.08,17766.51453,0.019345944795891,0.0191611910276511,0.0227674774569525,88755.01428571428,91608.9255,-4283.919999999998,2350.369999999996,0.0266038221070803
2026-01-27,2026-01-27,88347.08,89523.16,87304.33,89250.0,13125.40425,0.0102201453630386,0.0101682728080736,0.0154834947155622,88872.49142857142,91496.59571428572,822.3399999999965,2218.8300000000017,0.0248608403361344
2026-01-28,2026-01-28,89249.99,90600.0,88833.65,89299.99,14332.18502,0.0005601120448179,0.0005599552406158,0.0148207607744869,88850.3857142857,91396.75,-154.7399999999907,1766.3500000000058,0.0197799574221677
2026-01-29,2026-01-29,89300.0,89348.0,83383.33,84650.16,30431.38201,-0.0520697706685073,-0.0534743771871527,0.0245173796858106,88149.02714285716,91103.42,-4909.509999999995,5964.669999999998,0.07046259569976
2026-01-30,2026-01-30,84650.16,84735.75,81118.0,84260.49,35195.84793,-0.004603299036883,-0.0046139268457584,0.024308713452359,87386.20285714287,90818.29791666666,-5339.7699999999895,3617.75,0.0429353069273629
2026-01-31,2026-01-31,84260.5,84270.02,75719.9,78741.09,39491.89133,-0.065504010242523,-0.0677479434199895,0.0322529015071987,85888.45285714287,90335.2096,-10484.25,8550.12000000001,0.1085852380250262
2026-02-01,2026-02-01,78741.1,79424.0,75700.0,76968.21,25395.48168,-0.0225153093511912,-0.0227726489856116,0.0319743069323027,84502.43142857144,89821.09423076923,-9702.149999999994,3724.0,0.0483836118833996
2026-02-02,2026-02-02,76968.22,79360.0,74604.0,78738.61,42273.59016,0.0230017042100887,0.0227411528626167,0.0326769697305727,83129.79285714286,89410.63185185185,-9608.47,4756.0,0.0604023870881134
2026-02-03,2026-02-03,78738.6,79186.81,72945.5,75770.21,39120.10889,-0.0376994209067189,-0.0384284248395607,0.031296836703323,81204.10857142857,88923.47392857143,-13479.789999999994,6241.309999999998,0.0823715547310743
2026-02-04,2026-02-04,75770.21,76971.52,71888.0,73165.83,38375.36,-0.0343720836988574,-0.0349766987828992,0.0297168098933369,78899.22857142857,88380.10689655173,-16134.160000000003,5083.520000000004,0.069479427760199
2026-02-05,2026-02-05,73165.84,73341.18,62345.0,62909.86,106298.82899,-0.1401743136106021,-0.1510256005239137,0.0520411239925264,75793.47142857143,87531.09866666667,-21740.300000000003,10996.179999999991,0.1747926318704253
2026-02-06,2026-02-06,62909.87,71751.33,60000.0,70580.26,92539.21531,0.1219268330910288,0.1150475938253494,0.0806198947439069,73839.15285714286,86838.302,-13680.23000000001,11751.330000000002,0.1664959862715156
2026-02-07,2026-02-07,70580.26,71690.07,67300.0,69289.38,44255.48036,-0.0182895330790788,-0.0184588543043171,0.0783349067018519,72488.90857142858,86111.28166666668,-9451.709999999992,4390.070000000007,0.0633584829305732
2026-02-08,2026-02-08,69289.37,72271.41,68888.0,70330.38,21420.53168,0.0150239473928039,0.0149122057058759,0.0790519616507763,71540.64714285715,85434.25166666666,-6637.830000000002,3383.4100000000035,0.0481073755040141
2026-02-09,2026-02-09,70330.38,71453.53,68308.0,70138.0,29152.72842,-0.0027353755233514,-0.0027391234992863,0.0778460273766395,70311.98857142858,84755.36166666666,-8600.61,3145.529999999999,0.0448477287632952
2026-02-10,2026-02-10,70138.0,70527.59,67800.0,68841.29,20373.77072,-0.018487980837777,-0.0186610196327817,0.0771973184681565,69322.14285714286,84016.28300000001,-6928.920000000013,2727.5899999999965,0.0396214248745193
2026-02-11,2026-02-11,68841.28,69292.88,65756.0,67082.52,28718.24602,-0.0255481848175708,-0.0258802069394735,0.0768235009468819,68453.09857142858,83209.16033333333,-6083.309999999998,3536.8800000000047,0.0527243162600332
2026-02-12,2026-02-12,67082.52,68410.52,65118.0,66272.17,24271.74283,-0.0120798980121796,-0.0121534529376775,0.0517417780748198,68933.42857142857,82237.766,3362.3099999999977,3292.520000000004,0.0496817895053082
2026-02-13,2026-02-13,66272.17,69482.97,65872.46,68853.96,20244.54955,0.0389573783384489,0.0382176894647478,0.0229099707743411,68686.81428571428,81301.172,-1726.2999999999884,3610.5099999999934,0.052437216392492
2026-02-14,2026-02-14,68853.97,70560.01,68730.13,69822.95,18114.78393,0.0140731193964731,0.0139750124276553,0.0226468212589221,68763.03857142858,80441.777,533.5699999999924,1829.87999999999,0.0262074289327504
2026-02-15,2026-02-15,69822.94,70983.0,68000.0,68832.58,22290.05208,-0.0141840182919799,-0.0142855729250263,0.0223892332292221,68549.06714285714,79551.16500000001,-1497.800000000003,2983.0,0.0433370360372951
2026-02-16,2026-02-16,68832.59,70126.67,67294.11,68892.43,15515.76534,0.0008695010415125,0.0008691232444626,0.0224339337296587,68371.12857142856,78675.987,-1245.570000000007,2832.5599999999977,0.0411156929723628
2026-02-17,2026-02-17,68892.43,69241.5,66621.06,67503.52,16489.06921,-0.0201605604563518,-0.0203665579406587,0.0226424900792342,68180.01857142858,77803.66633333333,-1337.7699999999895,2620.4400000000023,0.0388193089782577
2026-02-18,2026-02-18,67503.52,68476.22,65870.0,66461.0,15492.43839,-0.0154439353681112,-0.0155644352091181,0.0212111955322831,68091.23,76931.333,-621.5200000000041,2606.220000000001,0.0392142760415883
2026-02-19,2026-02-19,66461.0,67320.0,65631.83,67003.73,14542.26988,0.0081661425497658,0.0081329800253017,0.0208478110000421,68195.73857142856,76217.202,731.5599999999977,1688.1699999999985,0.0251951645080057
2026-02-20,2026-02-20,67003.73,68318.39,66280.2,68020.01,35351.87091,0.0151675138085596,0.0150536371114734,0.0148479218887513,68076.60285714285,75502.71133333334,-833.9500000000116,2038.1900000000023,0.0299645648390819
2026-02-21,2026-02-21,68020.0,68698.7,67534.69,67975.93,8032.84131,-0.0006480445974648,-0.000648254669127,0.0132019696535419,67812.74285714286,74783.25333333333,-1847.020000000004,1164.0099999999948,0.0171238554588366
2026-02-22,2026-02-22,67975.93,68245.0,67190.0,67643.4,8175.13484,-0.0048918786399833,-0.0049038830436894,0.0124218105273381,67642.86,74051.35800000001,-1189.1800000000076,1055.0,0.0155964957409
2026-02-23,2026-02-23,67643.39,67684.86,63888.79,64656.02,33075.90923,-0.0441636582430805,-0.0451685712163617,0.0198653467489297,67037.65857142858,73232.38066666668,-4236.409999999996,3796.07,0.0587117796610431
2026-02-24,2026-02-24,64656.01,65026.75,62510.28,64058.15,23102.83622,-0.0092469347788496,-0.0092899530772159,0.0192487299107936,66545.46285714286,72478.64033333333,-3445.3700000000026,2516.470000000001,0.0392841504164575
2026-02-25,2026-02-25,64058.15,69988.83,63913.27,67988.04,30749.99259,0.0613487901227243,0.0595405427658225,0.0316915026477974,66763.61142857143,71800.00566666666,1527.0399999999936,6075.560000000005,0.0893621878200931
2026-02-26,2026-02-26,67988.04,68860.0,66500.0,67485.18,20737.77792,-0.0073963008788016,-0.0074237891369714,0.0318693783958869,66832.39,71074.51166666667,481.4499999999971,2360.0,0.0349706409614673
2026-02-27,2026-02-27,67485.19,68216.8,64914.46,65872.1,21228.58424,-0.0239027294585268,-0.0241930350949816,0.0324825152498558,66525.5457142857,70293.582,-2147.909999999989,3302.340000000004,0.050132605458153
2026-02-28,2026-02-28,65872.09,67760.0,63030.0,66973.26,22548.71649,0.0167166372409561,0.0165784521278679,0.0334415389579828,66382.30714285714,69704.352,-1002.6699999999984,4730.0,0.0706252017596276
2026-03-01,2026-03-01,66973.26,68199.99,65056.0,65776.47,23201.85859,-0.0178696691784152,-0.0180312596565804,0.0340063186714512,66115.60285714286,69088.21800000001,-1866.929999999993,3143.990000000005,0.0477980955803801
2026-03-02,2026-03-02,65776.48,70096.0,65259.21,68830.06,32010.38431,0.0464237439315304,0.0453783925294239,0.0331800327703697,66711.89428571428,68757.85033333334,4174.040000000001,4836.790000000001,0.0702714773167421
2026-03-03,2026-03-03,68830.06,69258.08,66158.0,68338.0,24972.2418,-0.007148911391331,-0.0071745873014225,0.032992051964921,67323.30142857143,68470.17666666667,4279.849999999999,3100.0800000000017,0.0453639263660042
2026-03-04,2026-03-04,68338.01,74050.0,67400.0,72666.77,44919.0761,0.0633435277590799,0.0614182153169307,0.0335165638451272,67991.69142857143,68267.78199999999,4678.7300000000105,6650.0,0.0915136313338269
2026-03-05,2026-03-05,72666.77,73558.15,70645.47,70890.72,26590.51253,-0.0244410202902922,-0.0247446597423505,0.0355504794992972,68478.19714285714,68105.13233333333,3405.540000000008,2912.679999999993,0.0410869010781664
