date,sentiment_score,sentiment_positive,sentiment_negative,sentiment_neutral,reddit_count
2024-12-26,0.0164140239357948,0.0399775418142477,0.0235635178784529,0.936458945274353,3.0
2024-12-27,0.3954914808273315,0.4259374439716339,0.0304459631443023,0.5436165928840637,1.0
2024-12-28,0.0260525327175855,0.0429805666208267,0.0169280339032411,0.94009131193161,1.0
2024-12-29,,,,,0.0
2024-12-30,-0.0538011366840113,0.0716904492371461,0.1254915859211575,0.8028179606930776,11.0
2024-12-31,0.1226211379874836,0.2062815304168246,0.0836603924293409,0.7100580646233126,11.0
2025-01-01,0.0347039802570124,0.1346881740479445,0.0999841937909321,0.7653276355442952,49.0
2025-01-02,0.0289549883455038,0.0592104494571685,0.0302554611116647,0.9105340242385864,1.0
2025-01-03,0.7604866828769445,0.7704574465751648,0.0099707636982202,0.2195717841386795,1.0
2025-01-04,,,,,0.0
2025-01-05,,,,,0.0
2025-01-06,0.1818393324501812,0.2080340674147009,0.0261947349645197,0.7657712201277415,6.0
2025-01-07,-0.1350315313320607,0.1042243152623996,0.2392558465944603,0.6565198303433135,16.0
2025-01-08,0.1656462901737541,0.2587484559044242,0.0931021657306701,0.6481493711471558,8.0
2025-01-09,0.004806170017337,0.1290576012359689,0.1242514312186318,0.7466909642452779,46.0
2025-01-10,,,,,0.0
2025-01-11,,,,,0.0
2025-01-12,,,,,0.0
2025-01-13,-0.2515564722319444,0.0824765665456652,0.3340330387776096,0.5834903791546822,3.0
2025-01-14,0.0640579856932163,0.1892522193491458,0.1251942336559295,0.6855535507202148,5.0
2025-01-15,0.4808466352211932,0.5011441602061192,0.0202975249849259,0.4785583081344763,6.0
2025-01-16,-0.1838196152821183,0.0968353427946567,0.2806549580767751,0.6225096821784973,10.0
2025-01-17,-0.0182085084788342,0.1315044483685113,0.1497129568473455,0.718782595576758,47.0
2025-01-18,,,,,0.0
2025-01-19,-0.0781431834523876,0.109757725149393,0.1879009086017807,0.702341357866923,3.0
2025-01-20,-0.00097431614995,0.0408636648207902,0.0418379809707403,0.9172983467578888,2.0
2025-01-21,,,,,0.0
2025-01-22,-0.0784448593711623,0.0862280298024416,0.1646728891736039,0.7490990918416244,13.0
2025-01-23,0.106452345692863,0.1397312820578614,0.0332789363649984,0.8269897898038229,12.0
2025-01-24,-0.0998140732757747,0.0791827271692454,0.1789968004450202,0.7418204709887505,10.0
2025-01-25,0.0017705030698815,0.1081416779602675,0.106371174890386,0.7854871404883654,46.0
2025-01-26,,,,,0.0
2025-01-27,0.2593704415485263,0.2847826154902577,0.0254121739417314,0.689805194735527,2.0
2025-01-28,-0.1913826425249377,0.0948794335126876,0.2862620760376255,0.6188584864139557,6.0
2025-01-29,0.0142493720632046,0.1491137988632545,0.1348644268000498,0.7160217948257923,8.0
2025-01-30,0.1965682356618344,0.2775147365406155,0.080946500878781,0.6415387459099293,10.0
2025-01-31,-0.0671963039785623,0.2497749601801236,0.316971264158686,0.4332537800073623,3.0
2025-02-01,0.0973103738461549,0.1367082443947975,0.0393978705486426,0.8238938714449222,13.0
2025-02-02,-0.0078419732094249,0.0954447182662346,0.1032866914756596,0.8012685845879948,34.0
2025-02-03,,,,,0.0
2025-02-04,0.0781308524310588,0.1084581241011619,0.030327271670103,0.8612145781517029,1.0
2025-02-05,0.0431087153265252,0.0697927544824779,0.0266840391559526,0.903523214161396,8.0
2025-02-06,0.0870333429999076,0.1414387183120617,0.0544053753121541,0.8041559148293275,13.0
2025-02-07,0.1433218444104899,0.2186643874103372,0.0753425429998473,0.7059930752624165,11.0
2025-02-08,0.0577872881133641,0.112243466079235,0.0544561779658709,0.8333003606115069,7.0
2025-02-09,-0.1620696958686624,0.1006509669657264,0.2627206628343889,0.6366283531699862,7.0
2025-02-10,-0.027133075783596,0.0795044019696829,0.106637477753279,0.8138581204997457,46.0
2025-02-11,0.0351219801232218,0.0500095412135124,0.0148875610902905,0.935102880001068,1.0
2025-02-12,-0.168927458114922,0.1339931037897865,0.3029205619047085,0.5630863526215156,6.0
2025-02-13,-0.0948632501272691,0.1109001561999321,0.2057634063272012,0.6833364545471139,9.0
2025-02-14,0.0609875231981277,0.0767021007835865,0.0157145775854587,0.9075833082199096,5.0
2025-02-15,-0.0558753934456035,0.0796092508826404,0.135484644328244,0.7849061079323292,8.0
2025-02-16,0.0613898903959327,0.154862234989802,0.0934723445938693,0.7516654166910384,9.0
2025-02-17,-0.3282622626051307,0.0453580448403954,0.3736203074455261,0.5810216411948204,10.0
2025-02-18,0.0215272930654464,0.1315493541769683,0.1100220611115219,0.758428581757471,32.0
2025-02-19,,,,,0.0
2025-02-20,0.0936871850863099,0.1149704083800315,0.0212832232937216,0.8637463450431824,2.0
2025-02-21,0.0181064940989017,0.0441803280264139,0.0260738339275121,0.9297457933425904,2.0
2025-02-22,-0.0825445961672812,0.0628467723727226,0.1453913685400039,0.791761863976717,8.0
2025-02-23,0.1955537643904487,0.3478128649294376,0.1522591005389889,0.4999280373255412,3.0
2025-02-24,-0.0891842002049088,0.0398848949931561,0.129069095198065,0.8310460180044175,10.0
2025-02-25,-0.1179962119915419,0.157308200167285,0.275304412158827,0.5673874153031243,9.0
2025-02-26,-0.1402232485990493,0.0901363087006104,0.2303595572996598,0.6795041490919315,39.0
2025-02-27,0.0817091707140207,0.1030702851712703,0.0213611144572496,0.8755686283111572,2.0
2025-02-28,0.1317495638504624,0.1462980806827545,0.014548516832292,0.8391534090042114,1.0
2025-03-01,,,,,0.0
2025-03-02,0.19280946245417,0.211897575482726,0.0190881130285561,0.7690142750740051,5.0
2025-03-03,0.1075760094681754,0.1465841825120151,0.0390081730438396,0.8144076289609075,8.0
2025-03-04,0.051608487298446,0.1189875778342996,0.0673790905358535,0.8136333652905056,7.0
2025-03-05,0.1256196442060172,0.1470925122499466,0.0214728680439293,0.8314346373081207,10.0
2025-03-06,0.0796545616943727,0.1413772512565959,0.0617226895622231,0.796900054270571,33.0
2025-03-07,,,,,0.0
2025-03-08,,,,,0.0
2025-03-09,-0.8576026931405067,0.0290498360991477,0.8866525292396545,0.0842976346611976,1.0
2025-03-10,-0.298718004177014,0.099757257848978,0.3984752620259921,0.5017675037185351,3.0
2025-03-11,-0.0067791579058393,0.1162369796657003,0.1230161375715397,0.7607469040667638,16.0
2025-03-12,-0.0817208621237013,0.1103020949910084,0.1920229571147097,0.697674948308203,9.0
2025-03-13,0.0178718969903209,0.1521153517744758,0.1342434547841549,0.7136411964893341,11.0
2025-03-14,-0.0510038025187034,0.0835751279894458,0.1345789305081492,0.7818459407671502,38.0
2025-03-15,0.0638006180524826,0.109332837164402,0.0455322191119194,0.8451349139213562,1.0
2025-03-16,-0.1285535458475351,0.0443681463599205,0.1729216922074556,0.7827101409435272,5.0
2025-03-17,0.0593141584657132,0.1444071581587195,0.0850929996930062,0.7704998280853033,10.0
2025-03-18,-0.0672486706636846,0.08021209128201,0.1474607619456946,0.7723271369934082,10.0
2025-03-19,-0.0528795993221657,0.0699272477733237,0.1228068470954895,0.8072659288133893,7.0
2025-03-20,-0.1193140879687335,0.0752242263406515,0.1945383143093851,0.7302374740441641,9.0
2025-03-21,-0.0489526876647557,0.0652546805462667,0.1142073682110224,0.8205379673412868,7.0
2025-03-22,-0.0115405603822681,0.0878680114063524,0.0994085717886205,0.8127234078222706,31.0
2025-03-23,,,,,0.0
2025-03-24,-0.0246174866333603,0.0438116732984781,0.0684291599318385,0.8877591788768768,2.0
2025-03-25,-0.2103666879702359,0.0472228284925222,0.2575895164627582,0.6951876664534211,8.0
2025-03-26,0.086809002328664,0.1716332427625145,0.0848242404338504,0.7435425051621029,14.0
2025-03-27,-0.0927507760003209,0.2628669401630759,0.3556177161633968,0.3815153524279594,5.0
2025-03-28,0.1034725026693195,0.1269390783272683,0.0234665756579488,0.8495943546295166,4.0
2025-03-29,-0.0908886388642713,0.0616932217963039,0.1525818606605753,0.7857249174267054,8.0
2025-03-30,-0.0153240584768354,0.0896924267988652,0.1050164852757006,0.8052910836413503,40.0
2025-03-31,-0.960993125103414,0.0098176458850502,0.9708107709884644,0.0193715207278728,1.0
2025-04-01,,,,,0.0
2025-04-02,0.0568261444568634,0.1764364689588546,0.1196103245019912,0.7039531469345093,1.0
2025-04-03,0.0355894239619374,0.0550229549407959,0.0194335309788584,0.9255435268084208,6.0
2025-04-04,-0.3331625798184957,0.0791838163776057,0.4123463961961014,0.5084697705294404,7.0
2025-04-05,0.0169151499867439,0.0499156683683395,0.0330005183815956,0.9170838117599488,5.0
2025-04-06,0.014411432435736,0.1118563564183811,0.097444923982645,0.7906987071037292,12.0
2025-04-07,-0.0619583507068455,0.0866304498018794,0.148588800508725,0.7647807462827155,38.0
2025-04-08,,,,,0.0
2025-04-09,,,,,0.0
2025-04-10,0.0808022795245051,0.0937802717089653,0.0129779921844601,0.8932417035102844,1.0
2025-04-11,0.0068807819237311,0.1639527268707752,0.157071944947044,0.6789753039677938,3.0
2025-04-12,0.009897166524421,0.0583646287294951,0.048467462205074,0.8931679021228444,11.0
2025-04-13,-0.0341308936476707,0.0388129916973412,0.0729438853450119,0.8882431164383888,8.0
2025-04-14,-0.2660131696611643,0.0569217863958328,0.3229349560569972,0.6201432254165411,8.0
2025-04-15,-0.107900867637779,0.0802157193289271,0.1881165869667061,0.7316676889147077,28.0
2025-04-16,,,,,0.0
2025-04-17,,,,,0.0
2025-04-18,,,,,0.0
2025-04-19,-0.1116700556594878,0.0659977234899997,0.1776677791494876,0.7563345059752464,4.0
2025-04-20,-0.2758103358958448,0.0288011681820665,0.3046115040779114,0.6665873322635889,7.0
2025-04-21,-0.0044381633800055,0.1234815792579736,0.1279197426379791,0.7485986908099481,14.0
2025-04-22,0.2745930221863091,0.2967463620007038,0.0221533398143947,0.6811002530157566,4.0
2025-04-23,0.0388493180175178,0.1461265814889754,0.1072772634714575,0.7465961516967842,28.0
2025-04-24,,,,,0.0
2025-04-25,,,,,0.0
2025-04-26,0.014920575544238,0.0419477522373199,0.0270271766930818,0.9310250282287598,1.0
2025-04-27,0.1599322860129177,0.1743895960971713,0.0144573100842535,0.8111531138420105,4.0
2025-04-28,0.3361204552929848,0.380543977022171,0.0444235217291861,0.5750324744731188,8.0
2025-04-29,0.1254990918561816,0.3416161224246025,0.2161170305684208,0.4422668404877186,5.0
2025-04-30,-0.0645509151741862,0.1296176120638847,0.1941685272380709,0.6762138605117798,5.0
2025-05-01,0.008108243967096,0.091700067743659,0.083591823776563,0.8247081083910806,42.0
2025-05-02,,,,,0.0
2025-05-03,-0.1735959202051162,0.0284420996904373,0.2020380198955536,0.7695199251174927,1.0
2025-05-04,0.0464238598942756,0.0653063748031854,0.0188825149089097,0.9158111214637756,3.0
2025-05-05,0.0461990032345056,0.0820159786380827,0.035816975403577,0.8821669965982437,4.0
2025-05-06,0.0689229023642838,0.1037497082725167,0.0348268059082329,0.8614234685897827,10.0
2025-05-07,-0.0478794761002063,0.0390921148161093,0.0869715909163157,0.8739362955093384,3.0
2025-05-08,0.017142994667996,0.1059853967956521,0.088842402127656,0.8051722022620115,11.0
2025-05-09,0.0510658007804994,0.1243530088276774,0.073287208047178,0.8023597896099091,27.0
2025-05-10,,,,,0.0
2025-05-11,0.2923192155236999,0.3242787979543209,0.0319595824306209,0.6437616025408109,3.0
2025-05-12,-0.0059233345091342,0.0543818697333335,0.0603052042424678,0.8853129148483276,1.0
2025-05-13,0.0751185733824968,0.0910137444734573,0.0158951710909605,0.893091082572937,1.0
2025-05-14,0.0448461013535658,0.0671217795461416,0.0222756781925757,0.9106025099754332,3.0
2025-05-15,0.584685624577105,0.5973448753356934,0.0126592507585883,0.3899958431720733,1.0
2025-05-16,0.2911953425500542,0.3338950285688042,0.04269968601875,0.6234052963554859,4.0
2025-05-17,,,,,0.0
2025-05-18,,,,,0.0
2025-05-19,0.4830824239179492,0.500260079279542,0.0171776553615927,0.4825622532516718,2.0
2025-05-20,-0.002812361344695,0.0286249946802854,0.0314373560249805,0.9399376511573792,1.0
2025-05-21,,,,,0.0
2025-05-22,,,,,0.0
2025-05-23,,,,,0.0
2025-05-24,,,,,0.0
2025-05-25,,,,,0.0
2025-05-26,,,,,0.0
2025-05-27,,,,,0.0
2025-05-28,,,,,0.0
2025-05-29,,,,,0.0
2025-05-30,,,,,0.0
2025-05-31,,,,,0.0
2025-06-01,,,,,0.0
2025-06-02,0.0384153742343187,0.0561131685972213,0.0176977943629026,0.9261890053749084,1.0
2025-06-03,,,,,0.0
2025-06-04,,,,,0.0
2025-06-05,,,,,0.0
2025-06-06,0.1391814388334751,0.1517048627138137,0.0125234238803386,0.8357716798782349,1.0
2025-06-07,,,,,0.0
2025-06-08,,,,,0.0
2025-06-09,,,,,0.0
2025-06-10,,,,,0.0
2025-06-11,,,,,0.0
2025-06-12,,,,,0.0
2025-06-13,,,,,0.0
2025-06-14,0.1425136644393205,0.1594341695308685,0.0169205050915479,0.8236453533172607,1.0
2025-06-15,,,,,0.0
2025-06-16,,,,,0.0
2025-06-17,,,,,0.0
2025-06-18,,,,,0.0
2025-06-19,,,,,0.0
2025-06-20,,,,,0.0
2025-06-21,0.2637593857944011,0.2802382707595825,0.0164788849651813,0.7032828330993652,1.0
2025-06-22,,,,,0.0
2025-06-23,,,,,0.0
2025-06-24,,,,,0.0
2025-06-25,,,,,0.0
2025-06-26,,,,,0.0
2025-06-27,,,,,0.0
2025-06-28,0.159325111657381,0.1764320582151413,0.0171069465577602,0.806460976600647,1.0
2025-06-29,,,,,0.0
2025-06-30,,,,,0.0
2025-07-01,,,,,0.0
2025-07-02,,,,,0.0
2025-07-03,0.4579707402735948,0.474769115447998,0.0167983751744031,0.5084325075149536,1.0
2025-07-04,,,,,0.0
2025-07-05,0.1969592496752739,0.2147734463214874,0.0178141966462135,0.7674124240875244,1.0
2025-07-06,,,,,0.0
2025-07-07,,,,,0.0
2025-07-08,,,,,0.0
2025-07-09,,,,,0.0
2025-07-10,,,,,0.0
2025-07-11,,,,,0.0
2025-07-12,0.6321781426668167,0.6493574380874634,0.0171792954206466,0.3334632217884063,1.0
2025-07-13,-0.0111827701330184,0.0389891304075717,0.0501719005405902,0.9108389616012572,1.0
2025-07-14,,,,,0.0
2025-07-15,,,,,0.0
2025-07-16,,,,,0.0
2025-07-17,,,,,0.0
2025-07-18,,,,,0.0
2025-07-19,0.1646998021751642,0.1806329935789108,0.0159331914037466,0.803433895111084,1.0
2025-07-20,,,,,0.0
2025-07-21,,,,,0.0
2025-07-22,,,,,0.0
2025-07-23,,,,,0.0
2025-07-24,,,,,0.0
2025-07-25,,,,,0.0
2025-07-26,,,,,0.0
2025-07-27,0.144489518366754,0.1591005474328994,0.0146110290661454,0.8262884020805359,1.0
2025-07-28,,,,,0.0
2025-07-29,,,,,0.0
2025-07-30,,,,,0.0
2025-07-31,,,,,0.0
2025-08-01,,,,,0.0
2025-08-02,,,,,0.0
2025-08-03,,,,,0.0
2025-08-04,0.1914801690727472,0.2065477222204208,0.0150675531476736,0.7783847451210022,1.0
2025-08-05,,,,,0.0
2025-08-06,,,,,0.0
2025-08-07,,,,,0.0
2025-08-08,,,,,0.0
2025-08-09,,,,,0.0
2025-08-10,,,,,0.0
2025-08-11,0.0799023816362023,0.0953408852219581,0.0154385035857558,0.8892205357551575,1.0
2025-08-12,,,,,0.0
2025-08-13,,,,,0.0
2025-08-14,,,,,0.0
2025-08-15,,,,,0.0
2025-08-16,,,,,0.0
2025-08-17,,,,,0.0
2025-08-18,0.1234039515256881,0.1365104615688324,0.0131065100431442,0.8503830432891846,1.0
2025-08-19,-0.0341007076203823,0.0337703414261341,0.0678710490465164,0.8983585238456726,1.0
2025-08-20,,,,,0.0
2025-08-21,,,,,0.0
2025-08-22,,,,,0.0
2025-08-23,,,,,0.0
2025-08-24,,,,,0.0
2025-08-25,0.0448600407689809,0.0627822801470756,0.0179222393780946,0.9192954897880554,1.0
2025-08-26,,,,,0.0
2025-08-27,,,,,0.0
2025-08-28,,,,,0.0
2025-08-29,,,,,0.0
2025-08-30,,,,,0.0
2025-08-31,,,,,0.0
2025-09-01,0.0599995432421565,0.0728394761681556,0.0128399329259991,0.9143205881118774,1.0
2025-09-02,,,,,0.0
2025-09-03,,,,,0.0
2025-09-04,,,,,0.0
2025-09-05,,,,,0.0
2025-09-06,0.0843580234795808,0.0988305434584617,0.0144725199788808,0.8866969347000122,1.0
2025-09-07,,,,,0.0
2025-09-08,,,,,0.0
2025-09-09,,,,,0.0
2025-09-10,,,,,0.0
2025-09-11,,,,,0.0
2025-09-12,,,,,0.0
2025-09-13,,,,,0.0
2025-09-14,,,,,0.0
2025-09-15,,,,,0.0
2025-09-16,,,,,0.0
2025-09-17,,,,,0.0
2025-09-18,,,,,0.0
2025-09-19,,,,,0.0
2025-09-20,,,,,0.0
2025-09-21,,,,,0.0
2025-09-22,,,,,0.0
2025-09-23,,,,,0.0
2025-09-24,,,,,0.0
2025-09-25,,,,,0.0
2025-09-26,,,,,0.0
2025-09-27,,,,,0.0
2025-09-28,,,,,0.0
2025-09-29,,,,,0.0
2025-09-30,,,,,0.0
2025-10-01,,,,,0.0
2025-10-02,,,,,0.0
2025-10-03,,,,,0.0
2025-10-04,,,,,0.0
2025-10-05,,,,,0.0
2025-10-06,,,,,0.0
2025-10-07,-0.351712841540575,0.0394183211028575,0.3911311626434326,0.5694504976272583,1.0
2025-10-08,,,,,0.0
2025-10-09,,,,,0.0
2025-10-10,,,,,0.0
2025-10-11,,,,,0.0
2025-10-12,,,,,0.0
2025-10-13,,,,,0.0
2025-10-14,,,,,0.0
2025-10-15,,,,,0.0
2025-10-16,,,,,0.0
2025-10-17,,,,,0.0
2025-10-18,,,,,0.0
2025-10-19,,,,,0.0
2025-10-20,,,,,0.0
2025-10-21,,,,,0.0
2025-10-22,,,,,0.0
2025-10-23,,,,,0.0
2025-10-24,,,,,0.0
2025-10-25,,,,,0.0
2025-10-26,,,,,0.0
2025-10-27,,,,,0.0
2025-10-28,,,,,0.0
2025-10-29,,,,,0.0
2025-10-30,,,,,0.0
2025-10-31,,,,,0.0
2025-11-01,-0.096743356436491,0.0339392311871051,0.1306825876235962,0.8353781700134277,1.0
2025-11-02,,,,,0.0
2025-11-03,,,,,0.0
2025-11-04,,,,,0.0
2025-11-05,,,,,0.0
2025-11-06,,,,,0.0
2025-11-07,,,,,0.0
2025-11-08,,,,,0.0
2025-11-09,,,,,0.0
2025-11-10,,,,,0.0
2025-11-11,0.0179487876594066,0.0450647361576557,0.027115948498249,0.9278192520141602,1.0
2025-11-12,,,,,0.0
2025-11-13,,,,,0.0
2025-11-14,-0.961616937071085,0.010000642389059,0.971617579460144,0.0183818154036998,1.0
2025-11-15,,,,,0.0
2025-11-16,,,,,0.0
2025-11-17,0.0204794388264417,0.0485673360526561,0.0280878972262144,0.9233447313308716,1.0
2025-11-18,,,,,0.0
2025-11-19,,,,,0.0
2025-11-20,,,,,0.0
2025-11-21,-0.7104429751634598,0.0553910583257675,0.7658340334892273,0.1787749826908111,1.0
2025-11-22,,,,,0.0
2025-11-23,,,,,0.0
2025-11-24,,,,,0.0
2025-11-25,,,,,0.0
2025-11-26,,,,,0.0
2025-11-27,,,,,0.0
2025-11-28,,,,,0.0
2025-11-29,,,,,0.0
2025-11-30,,,,,0.0
2025-12-01,,,,,0.0
2025-12-02,-0.935718229971826,0.0127893770113587,0.9485076069831848,0.0387030206620693,1.0
2025-12-03,,,,,0.0
2025-12-04,,,,,0.0
2025-12-05,-0.1448402795940637,0.0230646040290594,0.1679048836231231,0.8090305328369141,1.0
2025-12-06,,,,,0.0
2025-12-07,,,,,0.0
2025-12-08,,,,,0.0
2025-12-09,-0.825063094496727,0.0420627146959304,0.8671258091926575,0.090811513364315,1.0
2025-12-10,,,,,0.0
2025-12-11,,,,,0.0
2025-12-12,0.0267905127257108,0.0530833825469017,0.0262928698211908,0.920623779296875,1.0
2025-12-13,,,,,0.0
2025-12-14,-0.0487215463072061,0.0196938719600439,0.06841541826725,0.911890745162964,1.0
2025-12-15,,,,,0.0
2025-12-16,,,,,0.0
2025-12-17,,,,,0.0
2025-12-18,,,,,0.0
2025-12-19,0.0220872741192579,0.0468518324196338,0.0247645583003759,0.9283836483955384,1.0
2025-12-20,,,,,0.0
2025-12-21,,,,,0.0
2025-12-22,,,,,0.0
2025-12-23,,,,,0.0
2025-12-24,,,,,0.0
2025-12-25,,,,,0.0
2025-12-26,0.005325192771852,0.08858482837677,0.083259635604918,0.8281555414199829,5.0
2025-12-27,-0.0202351965708658,0.1394352056086063,0.1596704021794721,0.7008943967521191,8.0
2025-12-28,-0.1139456019736826,0.0931456686618427,0.2070912706355253,0.6997630670666695,12.0
2025-12-29,0.0593426010105758,0.163687371648848,0.1043447706382721,0.7319678395986557,10.0
2025-12-30,-0.1328540024244123,0.0795235104031032,0.2123775128275156,0.7080989732510514,9.0
2025-12-31,-0.0032585369689123,0.1488896177283355,0.1521481546972479,0.6989622179950986,7.0
2026-01-01,0.1800313775117198,0.3170483348270257,0.1370169573153058,0.5459346858163675,6.0
2026-01-02,-0.005001782306603,0.1817777390990938,0.1867795214056968,0.6314427586538451,14.0
2026-01-03,0.1580871677724644,0.2040789411403238,0.0459917733678594,0.7499292679131031,8.0
2026-01-04,0.120903599425219,0.2508784914389252,0.1299748920137062,0.6191466294694692,8.0
2026-01-05,0.1634321637684479,0.1927170022390782,0.0292848384706303,0.7779981698840857,8.0
